word,tag,probability
$,$,0.9920127796
0.1,CD,0.0009487666034
0.25,CD,0.0009487666034
0.3,CD,0.0006325110689
0.82,CD,0.0006325110689
0.9,CD,0.0006325110689
1,CD,0.01233396584
1,LS,0.2307692308
"1,000",CD,0.002213788741
"1,500",CD,0.0009487666034
1.1,CD,0.001581277672
1.2,CD,0.0009487666034
1.5,CD,0.001897533207
1.6,CD,0.0006325110689
1.64,CD,0.0006325110689
1.65,CD,0.0009487666034
1.7,CD,0.0006325110689
1.8,CD,0.0006325110689
1.8415,CD,0.0006325110689
1.85,CD,0.0006325110689
1.8500,CD,0.0006325110689
10,CD,0.01486401012
"10,000",CD,0.00569259962
10-day,JJ,0.0007581501137
10-year,CD,0.0003162555345
10-year,JJ,0.0007581501137
10.2,CD,0.0009487666034
100,CD,0.01233396584
"100,000",CD,0.001897533207
100-share,JJ,0.0003790750569
101,CD,0.0006325110689
102,CD,0.0006325110689
107,CD,0.0006325110689
11,CD,0.004111321948
"11,000",CD,0.0006325110689
111,CD,0.0006325110689
115,CD,0.0006325110689
118,CD,0.0006325110689
12,CD,0.006957621758
12-point,JJ,0.0005686125853
12.5,CD,0.001265022138
120,CD,0.001897533207
125,CD,0.0009487666034
13,CD,0.007590132827
13.65,CD,0.0006325110689
13.8,CD,0.0006325110689
130,CD,0.00284629981
14,CD,0.003795066414
140,CD,0.0009487666034
142.85,CD,0.0006325110689
143.80,CD,0.0006325110689
145,CD,0.0006325110689
15,CD,0.01170145478
"15,000",CD,0.006641366224
150,CD,0.001897533207
155,CD,0.0006325110689
16,CD,0.003478810879
"16,000",CD,0.0006325110689
16.7,CD,0.0009487666034
17,CD,0.003795066414
17.3,CD,0.0009487666034
17.95,CD,0.0006325110689
177,CD,0.0006325110689
179,CD,0.0006325110689
18,CD,0.00569259962
"18,000",CD,0.0006325110689
180,CD,0.001265022138
188,CD,0.0006325110689
19,CD,0.002530044276
190,CD,0.0006325110689
1920s,CD,0.0003162555345
1920s,NNS,0.0001832508704
1929,CD,0.0009487666034
1948,CD,0.0006325110689
195,CD,0.0009487666034
1950s,CD,0.0006325110689
1956,CD,0.0006325110689
1960s,CD,0.0006325110689
1970,CD,0.001265022138
1970s,CD,0.0006325110689
1971,CD,0.0006325110689
1972,CD,0.001265022138
1975,CD,0.0006325110689
1976,CD,0.001265022138
1977,CD,0.001897533207
1979,CD,0.001897533207
1980s,CD,0.0009487666034
1980s,NN,8.837044892e-05
1981,CD,0.0009487666034
1982,CD,0.001581277672
1983,CD,0.001265022138
1984,CD,0.002530044276
1985,CD,0.005060088552
1986,CD,0.003162555345
1987,CD,0.009803921569
1988,CD,0.01201771031
1989,CD,0.01170145478
1989-90,CD,0.0009487666034
1990,CD,0.01296647691
1990s,CD,0.0003162555345
1990s,NNS,0.0001832508704
1991,CD,0.00569259962
1992,CD,0.002530044276
1993,CD,0.001581277672
1994,CD,0.0009487666034
1999,CD,0.001581277672
1\/2,CD,0.008538899431
1\/4,CD,0.003478810879
1\/8,CD,0.003162555345
2,CD,0.008538899431
2,LS,0.2307692308
"2,000",CD,0.0009487666034
"2,500",CD,0.001265022138
2.1,CD,0.0009487666034
2.2,CD,0.001265022138
2.3,CD,0.0009487666034
2.4,CD,0.0006325110689
2.5,CD,0.0006325110689
2.50,CD,0.001265022138
2.6,CD,0.0006325110689
2.7,CD,0.0009487666034
2.8,CD,0.0006325110689
2.87,CD,0.0006325110689
2.9,CD,0.0006325110689
20,CD,0.006641366224
"20,000",CD,0.001581277672
200,CD,0.002530044276
"200,000",CD,0.0006325110689
2000,CD,0.0006325110689
2005,CD,0.0006325110689
2009,CD,0.00284629981
2017,CD,0.0006325110689
2019,CD,0.001897533207
2029,CD,0.0009487666034
203,CD,0.0006325110689
21,CD,0.003162555345
22,CD,0.0009487666034
225,CD,0.0006325110689
22\/32,CD,0.0009487666034
23,CD,0.001897533207
23.5,CD,0.0009487666034
24,CD,0.00284629981
25,CD,0.003162555345
"25,000",CD,0.001581277672
250,CD,0.002213788741
26,CD,0.0006325110689
26.8,CD,0.0006325110689
2645.90,CD,0.0006325110689
27,CD,0.001265022138
28,CD,0.001265022138
29,CD,0.001581277672
2\/32,CD,0.0009487666034
3,CD,0.005060088552
3,LS,0.2307692308
"3,500",CD,0.0006325110689
3.1,CD,0.001581277672
3.18,CD,0.0009487666034
3.2,CD,0.001265022138
3.3,CD,0.0009487666034
3.35,CD,0.0006325110689
3.5,CD,0.0006325110689
3.6,CD,0.0006325110689
3.7,CD,0.001265022138
3.8,CD,0.001265022138
3.9,CD,0.0006325110689
30,CD,0.01359898798
"30,000",CD,0.001265022138
30-day,JJ,0.001326762699
30-point,JJ,0.0003790750569
30-year,JJ,0.002084912813
300,CD,0.001581277672
300-a-share,JJ,0.0003790750569
30s,CD,0.0006325110689
31,CD,0.004111321948
32,CD,0.0009487666034
33,CD,0.001897533207
34,CD,0.0006325110689
35,CD,0.001897533207
35.7,CD,0.0006325110689
"350,000",CD,0.0006325110689
37,CD,0.0006325110689
37.5,CD,0.0006325110689
38,CD,0.0006325110689
386,CD,0.0006325110689
39,CD,0.0006325110689
3\/4,CD,0.008538899431
3\/8,CD,0.004427577483
4,CD,0.003795066414
4,LS,0.07692307692
"4,000",CD,0.0006325110689
4.1,CD,0.0006325110689
4.25,CD,0.0006325110689
4.3,CD,0.0006325110689
4.4,CD,0.0006325110689
4.6,CD,0.0006325110689
4.7,CD,0.0006325110689
4.8,CD,0.0006325110689
40,CD,0.006957621758
400,CD,0.001897533207
41,CD,0.001265022138
42,CD,0.0009487666034
42.5,CD,0.0006325110689
43,CD,0.0009487666034
44,CD,0.001265022138
45,CD,0.002530044276
"45,000",CD,0.0009487666034
450,CD,0.001265022138
46,CD,0.001265022138
47,CD,0.001265022138
47.6,CD,0.0009487666034
48,CD,0.001265022138
49,CD,0.001897533207
5,CD,0.005060088552
5,LS,0.07692307692
"5,000",CD,0.003795066414
5.4,CD,0.0006325110689
5.5,CD,0.0006325110689
50,CD,0.01201771031
"50,000",CD,0.001265022138
500,CD,0.01138519924
"500,000",CD,0.0009487666034
500-stock,JJ,0.0003790750569
500-stock,NNP,0.0001177301625
51,CD,0.001897533207
52,CD,0.0009487666034
53,CD,0.0009487666034
55,CD,0.00284629981
57,CD,0.0006325110689
57.50,CD,0.0006325110689
58,CD,0.001265022138
59,CD,0.001897533207
5\/8,CD,0.004111321948
6,CD,0.005376344086
"6,000",CD,0.0006325110689
6.1,CD,0.0006325110689
6.20,CD,0.0009487666034
6.25,CD,0.0006325110689
6.40,CD,0.0009487666034
6.79,CD,0.0006325110689
6.9,CD,0.0006325110689
60,CD,0.003795066414
"60,000",CD,0.0006325110689
"600,000",CD,0.0006325110689
605,CD,0.0006325110689
61,CD,0.001265022138
62,CD,0.001581277672
62%-owned,JJ,0.0003790750569
62.5,CD,0.0006325110689
63,CD,0.001581277672
64,CD,0.0009487666034
64-year-old,JJ,0.0003790750569
644,CD,0.0006325110689
"645,000",CD,0.0006325110689
65,CD,0.001265022138
68,CD,0.0006325110689
69,CD,0.0006325110689
7,CD,0.006325110689
"7,500",CD,0.0006325110689
7.2,CD,0.0006325110689
7.272,CD,0.0009487666034
7.3,CD,0.0009487666034
7.40,CD,0.0006325110689
7.458,CD,0.0009487666034
7.5,CD,0.0009487666034
7.74,CD,0.0006325110689
7.88,CD,0.001265022138
7.90,CD,0.001265022138
7.95,CD,0.0006325110689
70,CD,0.003478810879
70.7,CD,0.0006325110689
71,CD,0.0006325110689
72,CD,0.0006325110689
73,CD,0.0006325110689
75,CD,0.002213788741
750,CD,0.0009487666034
"750,000",CD,0.0006325110689
767,CD,0.0009487666034
77,CD,0.0006325110689
7\/16,CD,0.0006325110689
7\/8,CD,0.004111321948
8,CD,0.01043643264
8.04,CD,0.0006325110689
8.07,CD,0.0006325110689
8.1,CD,0.0006325110689
8.25,CD,0.0006325110689
8.45,CD,0.0006325110689
8.47,CD,0.0006325110689
8.5,CD,0.0009487666034
8.50,CD,0.0009487666034
8.55,CD,0.0006325110689
80,CD,0.001897533207
800,CD,0.0006325110689
8300,CD,0.0003162555345
8300,JJ,0.0001895375284
847,CD,0.0006325110689
85,CD,0.0009487666034
86,CD,0.0006325110689
88,CD,0.0006325110689
89,CD,0.0006325110689
89.9,CD,0.0006325110689
9,CD,0.005376344086
9.5,CD,0.0006325110689
9.8,CD,0.0006325110689
9.9,CD,0.0009487666034
90,CD,0.004111321948
900,CD,0.002530044276
98,CD,0.0009487666034
99,CD,0.001581277672
<UNK>,CC,0.0005073566717
<UNK>,CD,0.1752055661
<UNK>,DT,0.0001359249694
<UNK>,FW,0.75
<UNK>,IN,0.0004495897494
<UNK>,JJ,0.1673616376
<UNK>,JJR,0.04046242775
<UNK>,JJS,0.09375
<UNK>,NN,0.08244962884
<UNK>,NNP,0.1157287497
<UNK>,NNPS,0.1152073733
<UNK>,NNS,0.1020707348
<UNK>,PRP,0.0006230529595
<UNK>,RB,0.04955478126
<UNK>,RBR,0.008
<UNK>,UH,0.6666666667
<UNK>,VB,0.09346603202
<UNK>,VBD,0.05958549223
<UNK>,VBG,0.2240061162
<UNK>,VBN,0.1198347107
<UNK>,VBP,0.05482815057
<UNK>,VBZ,0.067381317
<UNK>,WDT,0.002487562189
<UNK>,WRB,0.00625
`,``,0.01494768311
``,``,0.9850523169
a,DT,0.2403153459
a,IN,0.0001123974373
a,JJ,0.0003790750569
a,LS,0.07692307692
a,NN,0.0001767408978
a,NNP,0.001765952437
a.l,NNP,0.0002354603249
aba,NNP,0.0002354603249
abandon,VB,0.0008654262224
abandoned,VBN,0.001549586777
abbot,NNP,0.0002354603249
ability,NN,0.001060445387
able,JJ,0.002653525398
abortion,NN,0.001237186285
abortionist,NN,0.0001767408978
about,IN,0.01798358997
about,RB,0.01045296167
about,RP,0.01546391753
above,IN,0.001573564123
above,JJ,0.0001895375284
above,RB,0.0007742934572
abroad,RB,0.0007742934572
absorbed,VBN,0.001033057851
abuse,NN,0.0003534817957
academic,JJ,0.0005686125853
accelerated,JJ,0.0001895375284
accelerated,VBD,0.000370096225
accelerated,VBN,0.0005165289256
acceleration,NN,0.0001767408978
accept,VB,0.0008654262224
accept,VBP,0.0008183306056
acceptance,NN,0.0001767408978
acceptance,NNP,0.0002354603249
acceptances,NNS,0.0003665017409
accepted,VBD,0.00074019245
accepted,VBN,0.001549586777
accepting,VBG,0.001529051988
access,NN,0.0007069635914
accessories,NNS,0.0007330034818
accident,NN,0.0001767408978
accommodate,VB,0.001298139334
according,VBG,0.02905198777
account,NN,0.0005302226935
account,NNP,0.0003531904874
account,VB,0.0004327131112
account,VBP,0.002454991817
accounts,NNS,0.001466006964
accounts,VBZ,0.0005104645227
accurate,JJ,0.0003790750569
accused,VBD,0.000370096225
accused,VBN,0.001033057851
achieve,VB,0.0008654262224
achievement,NN,0.0003534817957
achievement,NNP,0.0003531904874
acid,JJ,0.0003790750569
acid,NN,0.0001767408978
acid-rain,NN,0.0002651113468
ackerman,NNP,0.0005886508123
acne,NN,0.0002651113468
acquire,VB,0.003894418001
acquired,VBD,0.002590673575
acquired,VBN,0.004648760331
acquiring,VBG,0.001529051988
acquisition,NN,0.001148815836
acquisition,NNP,0.0007063809748
acquisitions,NNS,0.001832508704
acres,NNS,0.0003665017409
across,IN,0.001573564123
across,RP,0.005154639175
act,NN,0.0004418522446
act,NNP,0.0008241111373
act,VB,0.002596278667
action,NN,0.002032520325
actions,NNS,0.0009162543522
active,JJ,0.001326762699
actively,RB,0.0007742934572
activities,NNS,0.001466006964
activity,NN,0.001502297632
acts,NNS,0.0001832508704
acts,VBZ,0.001020929045
actual,JJ,0.0007581501137
actually,RB,0.001161440186
ad,NN,0.00247437257
ad,NNP,0.0001177301625
add,VB,0.001730852445
add,VBP,0.0008183306056
added,VBD,0.0133234641
added,VBN,0.001033057851
adding,VBG,0.002293577982
addition,NN,0.001767408978
additional,JJ,0.004359363154
additions,NNS,0.0003665017409
address,VB,0.0008654262224
adds,VBZ,0.006125574273
adjustable,JJ,0.0003790750569
adjusted,VBN,0.002582644628
adjusting,VBG,0.001529051988
administration,NN,0.00247437257
administration,NNP,0.0005886508123
administrative,JJ,0.001137225171
administrator,NN,0.0003534817957
admits,VBZ,0.002041858091
admitted,VBD,0.00074019245
admitting,VBG,0.004587155963
adopted,VBD,0.000370096225
adopted,VBN,0.001549586777
adrs,NNPS,0.009216589862
adrs,NNS,0.0003665017409
ads,NNS,0.001466006964
adult,NN,0.0001767408978
advance,NN,0.0005302226935
advance,NNP,0.0001177301625
advance,VB,0.0004327131112
advanced,JJ,0.0003790750569
advanced,NNP,0.0002354603249
advanced,VBD,0.002590673575
advances,NNS,0.0003665017409
advancing,VBG,0.002293577982
advantage,NN,0.0007069635914
advantages,NNS,0.0003665017409
advertise,VB,0.001298139334
advertised,VBN,0.001033057851
advertisements,NNS,0.0003665017409
advertisers,NNS,0.002382261316
advertising,NN,0.0007953340403
advertising,VBG,0.002293577982
advice,NN,8.837044892e-05
advice,NNP,0.0001177301625
advised,VBD,0.000370096225
advised,VBN,0.0005165289256
adviser,NN,0.0003534817957
advocates,NNS,0.0005497526113
aerospace,NN,0.0006185931425
affairs,NNP,0.0002354603249
affairs,NNS,0.0009162543522
affect,VB,0.0004327131112
affect,VBP,0.0008183306056
affiliate,NN,0.0003534817957
affiliates,NNS,0.0003665017409
afraid,JJ,0.0005686125853
african,JJ,0.0003790750569
after,IN,0.008991794987
after,RB,0.0007742934572
after-tax,JJ,0.0003790750569
aftermath,NN,0.0001767408978
afternoon,NN,0.0004418522446
again,RB,0.005420054201
against,IN,0.003596717995
age,NN,0.001060445387
agency,NN,0.001502297632
agency,NNP,0.0005886508123
agenda,NN,0.0001767408978
aggressive,JJ,0.0007581501137
aggressively,RB,0.0007742934572
ago,IN,0.002360346184
ago,RB,0.006194347658
agree,VB,0.0004327131112
agree,VBP,0.001636661211
agreed,NN,8.837044892e-05
agreed,VBD,0.003330866025
agreed,VBN,0.002066115702
agreement,NN,0.001325556734
agrees,VBZ,0.001531393568
agricultural,JJ,0.0003790750569
agriculture,NN,8.837044892e-05
agriculture,NNP,0.0003531904874
ahead,RB,0.003484320557
aid,NN,0.0009720749381
aid,VB,0.0004327131112
aide,NN,0.0003534817957
aides,NNS,0.0003665017409
aids,NNP,0.0002354603249
aids,NNS,0.0001832508704
ailes,NNP,0.0002354603249
ailing,VBG,0.001529051988
aim,NN,8.837044892e-05
aim,VB,0.0004327131112
aimed,VBD,0.000370096225
aimed,VBN,0.004648760331
air,NN,0.0001767408978
air,NNP,0.0004709206499
air,VBP,0.0008183306056
aircraft,NN,0.0001767408978
airline,NN,0.0009720749381
airlines,NNPS,0.02304147465
airlines,NNS,0.0003665017409
akio,NNP,0.0002354603249
ala,NNP,0.0002354603249
alan,NNP,0.0003531904874
albert,NNP,0.0002354603249
albuquerque,NNP,0.0002354603249
alcohol,NN,0.0005302226935
alfred,NNP,0.0003531904874
alive,JJ,0.0003790750569
all,DT,0.01250509719
all,NNP,0.0001177301625
all,PDT,0.5652173913
all,RB,0.0007742934572
allegations,NNS,0.0003665017409
alleged,JJ,0.0007581501137
alleged,VBD,0.000370096225
alleged,VBN,0.004132231405
allegedly,RB,0.001161440186
alleghany,NNP,0.0002354603249
alleging,VBG,0.001529051988
allen,NNP,0.0003531904874
allergan,NNP,0.0002354603249
allocated,VBN,0.001033057851
allocation,NN,0.0001767408978
allow,VB,0.001298139334
allow,VBP,0.002454991817
allowed,VBD,0.00074019245
allowed,VBN,0.003099173554
almost,RB,0.008130081301
alone,RB,0.002322880372
along,IN,0.0007867820614
already,RB,0.01200154859
also,RB,0.05652342238
alternative,NN,0.0004418522446
alternatives,NNS,0.0009162543522
although,IN,0.002472743621
altogether,RB,0.0007742934572
alvin,NNP,0.0002354603249
always,RB,0.006194347658
ambitions,NNS,0.0003665017409
ambitious,JJ,0.0003790750569
amendment,NN,0.0004418522446
amendment,NNP,0.0002354603249
amendments,NNS,0.0003665017409
america,NNP,0.001883682599
american,JJ,0.005307050796
american,NN,8.837044892e-05
american,NNP,0.004238285849
americana,NNS,0.0003665017409
americans,NNPS,0.02304147465
americans,NNS,0.0005497526113
amid,IN,0.0004495897494
among,IN,0.004495897494
amount,NN,0.001590668081
amounted,VBD,0.001110288675
amounts,NNS,0.0009162543522
amounts,VBZ,0.0005104645227
amusing,JJ,0.0003790750569
an,DT,0.04104934076
ana,NNP,0.0003531904874
analysis,NN,0.0001767408978
analyst,NN,0.001767408978
analysts,NNS,0.005497526113
ancient,JJ,0.0003790750569
ancient,NNP,0.0001177301625
and,CC,0.7102993404
and,IN,0.0001123974373
and,JJ,0.0005686125853
and,NN,0.0001767408978
and,NNP,0.0001177301625
andrew,NNP,0.0002354603249
angeles,NNP,0.001295031787
angry,JJ,0.0003790750569
ann,NNP,0.0002354603249
anne,NNP,0.0002354603249
announce,VB,0.0008654262224
announced,VBD,0.004811250925
announced,VBN,0.001033057851
announcement,NN,0.0008837044892
announcer,NN,0.0004418522446
annual,JJ,0.003222137983
annualized,JJ,0.0001895375284
annualized,VBN,0.0005165289256
annually,RB,0.001548586914
another,DT,0.005844773685
answer,NN,0.0001767408978
answer,VB,0.0008654262224
answers,NNS,0.001832508704
answers,VBZ,0.0005104645227
anthony,NNP,0.0005886508123
anti-programmers,NNS,0.0003665017409
anticipated,VBD,0.00074019245
anticipated,VBN,0.001549586777
anticipation,NN,0.0001767408978
antitrust,JJ,0.002274450341
antitrust,NNP,0.0001177301625
antonio,NNP,0.0003531904874
anxieties,NNS,0.0003665017409
anxious,JJ,0.0003790750569
any,DT,0.01400027185
any,RB,0.0007742934572
anyone,NN,0.0005302226935
anything,NN,0.0009720749381
apartment,NN,0.0001767408978
apology,NN,0.0001767408978
apparently,RB,0.004258614015
appeal,NN,0.0005302226935
appeal,VB,0.0004327131112
appeal,VBP,0.0008183306056
appealing,VBG,0.001529051988
appeals,NNPS,0.004608294931
appeals,NNS,0.0005497526113
appear,VB,0.0004327131112
appear,VBP,0.002454991817
appeared,VBD,0.001850481125
appears,VBZ,0.003573251659
apple,NN,8.837044892e-05
apple,NNP,0.0005886508123
appliances,NNS,0.0009162543522
application,NN,0.0004418522446
applications,NNS,0.0009162543522
applied,VBD,0.00074019245
applied,VBN,0.001033057851
apply,VB,0.001730852445
appointment,NN,0.0002651113468
appointments,NNS,0.0005497526113
appreciation,NN,0.0001767408978
approach,NN,0.0005302226935
approach,VBP,0.001636661211
appropriations,NNPS,0.004608294931
appropriations,NNS,0.004581271761
appropriators,NNS,0.0003665017409
approval,NN,0.0007069635914
approve,VB,0.001730852445
approve,VBP,0.003273322422
approved,VBD,0.004811250925
approved,VBN,0.004648760331
approximately,RB,0.0007742934572
april,NNP,0.001530492112
arabia,NNP,0.0003531904874
arbitrage,NN,0.002120890774
architect,NN,0.0001767408978
architecture,NN,0.0002651113468
are,IN,0.0001123974373
are,NN,8.837044892e-05
are,VBP,0.2733224223
area,NN,0.0007069635914
areas,NNS,0.002015759575
argentina,NNP,0.0002354603249
argentine,JJ,0.0003790750569
argue,VB,0.0004327131112
argue,VBP,0.004091653028
argued,VBD,0.001110288675
argued,VBN,0.0005165289256
arguing,VBG,0.001529051988
argument,NN,0.0001767408978
arguments,NNS,0.0003665017409
arighi,NNP,0.0002354603249
arlington,NNP,0.0002354603249
arm,NN,0.0002651113468
arms,NNS,0.0005497526113
arnold,NNP,0.0002354603249
around,IN,0.002360346184
around,RB,0.0007742934572
around,RP,0.01546391753
arrangement,NN,0.0002651113468
art,NN,0.0003534817957
arthur,NNP,0.0003531904874
article,NN,0.0004418522446
article,NNP,0.001177301625
articles,NNPS,0.004608294931
articles,NNS,0.0001832508704
artist,NN,0.0001767408978
artist,NNP,0.0009418412997
as,IN,0.03675396201
as,RB,0.01703445606
asbestos,NN,0.0009720749381
asbestos-related,JJ,0.0005686125853
asia,NN,8.837044892e-05
asia,NNP,0.001530492112
asian,JJ,0.001705837756
asian,NNP,0.0001177301625
ask,VB,0.001298139334
ask,VBP,0.0008183306056
asked,VBD,0.00370096225
asked,VBN,0.001033057851
asking,VBG,0.005351681957
asks,VBZ,0.002552322614
aslacton,NNP,0.0003531904874
assault,NN,0.0001767408978
assembled,VBN,0.001033057851
asserted,VBD,0.00074019245
assertion,NN,0.0001767408978
asset,NN,0.0003534817957
assets,NNPS,0.004608294931
assets,NNS,0.002932013927
assist,VB,0.0004327131112
assist,VBP,0.0008183306056
assistance,NN,0.0004418522446
assistant,JJ,0.0003790750569
assistant,NN,0.0003534817957
assistant,NNP,0.0001177301625
associate,NN,0.0001767408978
associated,VBN,0.001033057851
associates,NNP,0.0001177301625
associates,NNPS,0.01843317972
associates,NNS,0.0005497526113
association,NN,0.0007069635914
association,NNP,0.002119142924
assume,VB,0.0008654262224
assume,VBP,0.001636661211
assumed,VBD,0.000370096225
assumed,VBN,0.0005165289256
assuming,VBG,0.004587155963
assumption,NN,0.0002651113468
assured,VBD,0.000370096225
assured,VBN,0.0005165289256
at,IN,0.04473418006
at&t,NNP,0.0005886508123
atlanta,NNP,0.0007063809748
attached,VBD,0.000370096225
attached,VBN,0.001033057851
attack,NN,0.0002651113468
attack,VB,0.0004327131112
attacks,NNS,0.0003665017409
attempt,NN,0.0006185931425
attempt,VB,0.0004327131112
attempting,VBG,0.002293577982
attempts,NNS,0.0003665017409
attempts,VBZ,0.001020929045
attend,VB,0.0008654262224
attention,NN,0.0007069635914
attorney,NN,0.0005302226935
attorney-client,JJ,0.0003790750569
attorneys,NNS,0.001466006964
attract,VB,0.001730852445
attract,VBP,0.001636661211
attracted,VBN,0.001033057851
attractions,NNS,0.0003665017409
attractive,JJ,0.0003790750569
attributed,VBD,0.00074019245
attributed,VBN,0.001033057851
auction,NN,0.0003534817957
auctioned,VBN,0.001549586777
auctions,NNS,0.001099505223
audit,NN,8.837044892e-05
audit,NNP,0.0001177301625
audit,VB,0.0004327131112
aug,NNP,0.0002354603249
august,NNP,0.002001412762
aurora,NNP,0.0002354603249
australia,NNP,0.0005886508123
australian,JJ,0.0003790750569
australian,NNP,0.0001177301625
author,NN,0.0001767408978
authorities,NNS,0.0009162543522
authority,NN,0.0005302226935
authority,NNP,0.0001177301625
authors,NNS,0.0005497526113
auto,NN,0.001148815836
automatic,JJ,0.0005686125853
automobile,NN,8.837044892e-05
automobile,NNP,0.0001177301625
automobiles,NNS,0.0003665017409
automotive,JJ,0.0007581501137
available,JJ,0.002084912813
avenue,NNP,0.0002354603249
average,JJ,0.004738438211
average,NN,0.0007953340403
average,NNP,0.0007063809748
avoid,VB,0.002596278667
avoid,VBP,0.0008183306056
awarded,VBD,0.000370096225
awarded,VBN,0.001033057851
aware,JJ,0.0005686125853
away,RB,0.005032907472
away,RP,0.0206185567
b,LS,0.07692307692
b,NNP,0.0008241111373
b-1b,JJ,0.0001895375284
b-1b,NN,8.837044892e-05
b.a.t,NNP,0.0002354603249
back,JJ,0.0001895375284
back,NN,0.0001767408978
back,RB,0.006194347658
back,RP,0.01546391753
back,VB,0.0004327131112
backe,NNP,0.0003531904874
backed,VBD,0.000370096225
backed,VBN,0.001033057851
backers,NNS,0.0005497526113
backing,NN,8.837044892e-05
backing,VBG,0.0007645259939
backlogs,NNS,0.0003665017409
bad,JJ,0.001895375284
badly,RB,0.001161440186
bailey,NNP,0.0003531904874
baker,NNP,0.0003531904874
balance,NN,0.0004418522446
baldwin,NNP,0.0004709206499
balked,VBD,0.00074019245
ballot,NN,0.0005302226935
ballpark,NN,0.0002651113468
ballplayers,NNS,0.0005497526113
baltimore,NNP,0.0005886508123
ban,NN,0.0007069635914
ban,VB,0.0008654262224
bancorp,NNP,0.0003531904874
band,NN,0.0003534817957
bang,NN,0.0002651113468
bank,NN,0.00247437257
bank,NNP,0.003531904874
banker,NN,0.0003534817957
bankers,NNP,0.0003531904874
bankers,NNS,0.0005497526113
banking,NN,0.001413927183
banking,NNP,0.0003531904874
banking,VBG,0.001529051988
bankruptcy,NN,0.0004418522446
bankruptcy,NNP,0.0002354603249
banks,NNP,0.0001177301625
banks,NNS,0.009712296133
banned,VBD,0.000370096225
banned,VBN,0.001033057851
banning,VBG,0.001529051988
bar,NN,0.0002651113468
bar,NNP,0.0001177301625
bar,VB,0.0004327131112
barnett,NNP,0.0002354603249
barney,NNP,0.0003531904874
barnum,NNP,0.0003531904874
barred,VBD,0.001110288675
barred,VBN,0.004132231405
barrel,NN,0.0001767408978
barrels,NNS,0.001466006964
barrier,NN,0.0002651113468
barriers,NNS,0.0005497526113
base,NN,0.0007069635914
baseball,NN,0.0002651113468
based,VBN,0.01549586777
bases,NNS,0.0003665017409
basham,NNP,0.0003531904874
basic,JJ,0.001137225171
basically,RB,0.001935733643
basin,NNP,0.0002354603249
basis,NN,0.0004418522446
basket,NN,0.0006185931425
baskets,NNS,0.0003665017409
bass,NN,8.837044892e-05
bass,NNP,0.0002354603249
baton,NNP,0.0002354603249
battle,NN,0.0007953340403
battle,VBP,0.0008183306056
baum,NNP,0.001059571462
be,VB,0.1376027694
beach,NNP,0.0002354603249
beall,NNP,0.0002354603249
bearing,NN,8.837044892e-05
bearing,VBG,0.001529051988
beat,VB,0.001730852445
beat,VBD,0.000370096225
beat,VBP,0.0008183306056
beaten,JJ,0.0001895375284
beaten,VBN,0.001033057851
beatles,NNP,0.0002354603249
beautiful,JJ,0.0005686125853
beauty,NN,0.0002651113468
became,VBD,0.004811250925
because,IN,0.01191412836
because,RB,0.0007742934572
become,VB,0.005625270446
become,VBN,0.003615702479
become,VBP,0.0008183306056
becomes,VBZ,0.003573251659
becoming,VBG,0.004587155963
been,VBN,0.07231404959
before,IN,0.004608294931
before,RB,0.002322880372
began,VBD,0.0103626943
begin,VB,0.002596278667
begin,VBP,0.0008183306056
beginning,NN,0.0001767408978
beginning,VBG,0.005351681957
begun,VBN,0.001033057851
behalf,NN,0.0001767408978
behind,IN,0.0005619871867
beijing,NNP,0.0005886508123
being,VBG,0.02370030581
belfry,NN,0.0002651113468
believe,VB,0.0008654262224
believe,VBP,0.008183306056
believed,VBD,0.001110288675
believed,VBN,0.002066115702
believes,VBZ,0.005104645227
bell,NN,0.0003534817957
bell,NNP,0.001177301625
bells,NNP,0.0001177301625
bells,NNS,0.003481766538
belong,VB,0.0004327131112
belong,VBP,0.0008183306056
belongs,VBZ,0.001020929045
below,IN,0.002922333371
below,RB,0.0003871467286
belt,NN,8.837044892e-05
belt,NNP,0.0003531904874
belts,NNS,0.001099505223
benchmark,NN,0.0007953340403
beneficial,JJ,0.0003790750569
benefit,NN,0.0002651113468
benefit,VB,0.0008654262224
benefited,VBD,0.00074019245
benefits,NNS,0.001466006964
benefits,VBZ,0.001020929045
berliner,NNP,0.0003531904874
berman,NNP,0.0002354603249
bernstein,NNP,0.001059571462
besides,IN,0.000337192312
best,JJS,0.05625
beth,NNP,0.0004709206499
better,JJR,0.0289017341
better,RBR,0.056
betting,NNP,0.0001177301625
betting,VBG,0.0007645259939
between,IN,0.003933910307
beverly,NNP,0.0002354603249
beyond,IN,0.000337192312
bias,NN,0.0001767408978
bid,NN,0.00247437257
bid,VBD,0.001850481125
bidders,NNS,0.0005497526113
bidding,NN,0.0005302226935
bids,NNS,0.001649257834
big,JJ,0.006254738438
big,NNP,0.003767365199
bigger,JJR,0.005780346821
biggest,JJS,0.0375
bilateral,JJ,0.0005686125853
bill,NN,0.00247437257
bill,NNP,0.0002354603249
billings,NNS,0.0003665017409
billion,CD,0.03953194181
billions,NNS,0.0005497526113
bills,NNPS,0.004608294931
bills,NNS,0.003298515668
biondi-santi,NNP,0.0002354603249
biscayne,NNP,0.0002354603249
bit,NN,0.0001767408978
bitter,JJ,0.0003790750569
black,JJ,0.0003790750569
black,NN,8.837044892e-05
black,NNP,0.0003531904874
blacks,NNS,0.001099505223
blamed,VBD,0.000370096225
blamed,VBN,0.001549586777
blanc,NNP,0.0002354603249
blancs,NNP,0.0002354603249
blessing,NN,0.0001767408978
blind,JJ,0.0003790750569
blip,VB,0.0004327131112
blip,VBP,0.0008183306056
block,NN,0.0002651113468
block,VB,0.002163565556
blocks,NNS,0.0001832508704
blocks,VBZ,0.0005104645227
blue,JJ,0.0009476876422
blue,NNP,0.0001177301625
blue-chip,JJ,0.0005686125853
board,NN,0.00247437257
board,NNP,0.004709206499
bob,NNP,0.0008241111373
boca,NNP,0.0003531904874
bodner,NNP,0.0002354603249
body,NN,0.0001767408978
boeing,NNP,0.0002354603249
boesel,NNP,0.0003531904874
bold,JJ,0.0003790750569
bolstered,VBN,0.001033057851
bond,NN,0.00247437257
bond,NNP,0.0001177301625
bonds,NNS,0.009345794393
bonus,NN,0.0004418522446
bonuses,NNS,0.0003665017409
book,NN,0.0003534817957
book,NNP,0.0001177301625
book,VB,0.0004327131112
booklets,NNS,0.0009162543522
books,NNS,0.0009162543522
booming,VBG,0.002293577982
boone,NNP,0.0002354603249
boost,NN,0.0002651113468
boost,VB,0.003028991778
boosted,VBD,0.0014803849
boosted,VBN,0.002582644628
boosters,NNS,0.0003665017409
boosts,NNS,0.0001832508704
boosts,VBZ,0.001020929045
bordeaux,NNP,0.0003531904874
borough,NN,8.837044892e-05
borough,NNP,0.0001177301625
borrowing,NN,0.0002651113468
borrowing,VBG,0.0007645259939
boston,NNP,0.002001412762
both,DT,0.005572923746
both,PDT,0.04347826087
bottle,NN,0.001060445387
bottom,JJ,0.0001895375284
bottom,NN,0.0003534817957
bougainville,NNP,0.0003531904874
bought,VBD,0.00222057735
bought,VBN,0.001033057851
boulder,NNP,0.0002354603249
bowed,VBD,0.00074019245
bowman,NNP,0.0002354603249
box,NN,0.0003534817957
boys,NNS,0.0003665017409
bradley,NNP,0.0003531904874
braidwood,NNP,0.0003531904874
bramalea,NNP,0.0002354603249
branch,NN,0.0006185931425
branches,NNS,0.0003665017409
brazil,NNP,0.001059571462
brazilian,JJ,0.0007581501137
breach,VB,0.0008654262224
break,VB,0.0008654262224
breaker,NN,0.0004418522446
breaks,VBZ,0.001531393568
brean,NNP,0.0002354603249
bretz,NNP,0.0003531904874
bridge,NN,0.0002651113468
bridge,NNP,0.0003531904874
bridges,NNPS,0.004608294931
bridges,NNS,0.0005497526113
bridgestone\/firestone,NNP,0.0002354603249
brief,JJ,0.0007581501137
brief,VB,0.0004327131112
bright,JJ,0.0003790750569
brilliant,JJ,0.0003790750569
bring,VB,0.00346170489
brings,VBZ,0.001020929045
britain,NNP,0.001059571462
british,JJ,0.001326762699
british,NNP,0.0004709206499
broad,JJ,0.0007581501137
broadcasting,NNP,0.0001177301625
broadcasting,VBG,0.0007645259939
broadcasts,NNS,0.0001832508704
broadcasts,VBZ,0.0005104645227
broader,JJR,0.01734104046
broken,NNP,0.0001177301625
broken,VBN,0.001033057851
broker,NN,0.0001767408978
brokerage,NN,0.0004418522446
brokers,NNS,0.001099505223
bromwich,NNP,0.0002354603249
brooklyn,NNP,0.0004709206499
brothers,NNPS,0.01382488479
brought,VBD,0.001110288675
brought,VBN,0.001033057851
brown,NNP,0.0002354603249
brownell,NNP,0.0002354603249
brunello,NNP,0.0002354603249
btr,NNP,0.0002354603249
budget,NN,0.001148815836
budget,NNP,0.0001177301625
buffet,NN,8.837044892e-05
buffet,VB,0.0004327131112
buick,NNP,0.002119142924
build,VB,0.003894418001
build,VBP,0.0008183306056
building,NN,0.0007953340403
building,VBG,0.003822629969
buildings,NNS,0.0005497526113
built,VBD,0.001110288675
built,VBN,0.005681818182
bulk,NN,0.0003534817957
bull,NN,0.0001767408978
bullets,NNS,0.0005497526113
burden,NN,0.0001767408978
bureau,NNP,0.0002354603249
burgundies,NNPS,0.009216589862
burgundy,NNP,0.0002354603249
burnham,NNP,0.0004709206499
burt,NNP,0.0002354603249
buses,NNS,0.0005497526113
bush,NNP,0.004002825524
business,NN,0.006009190527
business,NNP,0.0009418412997
businesses,NNS,0.001649257834
businessman,NN,0.0001767408978
but,CC,0.1410451547
but,IN,0.0001123974373
but,RB,0.0003871467286
butler,NNP,0.0002354603249
buy,NN,0.0003534817957
buy,VB,0.01990480312
buy,VBP,0.001636661211
buy-back,JJ,0.0001895375284
buy-back,NN,0.0001767408978
buy-out,JJ,0.0001895375284
buy-out,NN,0.001060445387
buy-outs,NNS,0.0005497526113
buyer,NN,0.0005302226935
buyers,NNS,0.002382261316
buying,NN,0.0004418522446
buying,VBG,0.007645259939
by,IN,0.04428459031
by,RB,0.0003871467286
byron,NNP,0.0002354603249
c,NNP,0.0009418412997
c$,$,0.003194888179
ca,MD,0.01451027811
cabernet,NNP,0.0007063809748
cabernets,NNPS,0.009216589862
cadet,NN,0.0001767408978
caldor,NNP,0.0002354603249
calif,NNP,0.002001412762
california,NNP,0.002590063574
call,NN,0.0003534817957
call,NNP,0.0001177301625
call,VB,0.0004327131112
call,VBP,0.001636661211
called,VBD,0.001850481125
called,VBN,0.006198347107
callers,NNS,0.0003665017409
calls,NNS,0.0001832508704
calls,VBZ,0.002552322614
came,VBD,0.0074019245
campaign,NN,0.001148815836
campaign,NNP,0.0002354603249
campaigning,NN,0.0001767408978
campaigns,NNS,0.0007330034818
campbell,NNP,0.002943254062
campeau,NNP,0.0002354603249
can,MD,0.1100362757
can,NN,8.837044892e-05
canada,NNP,0.0008241111373
canadian,JJ,0.0009476876422
cancellation,NN,0.0001767408978
cancer,NN,0.0005302226935
cancer,NNP,0.0002354603249
candela,NNP,0.0007063809748
candidate,NN,0.0001767408978
candidates,NNS,0.001649257834
candlestick,NNP,0.0003531904874
canepa,NNP,0.0003531904874
cannell,NNP,0.0003531904874
capacity,NN,0.001237186285
capital,NN,0.002386002121
capital,NNP,0.001059571462
capital-gains,JJ,0.0001895375284
capital-gains,NNS,0.0001832508704
capital-markets,JJ,0.0003790750569
capitol,NNP,0.0002354603249
capped,JJ,0.0003790750569
capped,VBN,0.0005165289256
capture,VB,0.001730852445
car,NN,0.001413927183
cara,NNP,0.0002354603249
card,NN,0.002032520325
cardboard,NN,0.0001767408978
care,NN,0.0003534817957
care,NNP,0.0002354603249
care,VB,0.001730852445
career,NN,0.0001767408978
careers,NNS,0.0003665017409
careful,JJ,0.0003790750569
cargo,NN,0.0001767408978
caribbean,NNP,0.0003531904874
carla,NNP,0.0003531904874
carlos,NNP,0.0003531904874
carnegie-mellon,NNP,0.0002354603249
carnival,NNP,0.0009418412997
carolina,NNP,0.001530492112
carried,VBD,0.00074019245
carried,VBN,0.001549586777
carrier,NN,0.0008837044892
carries,VBZ,0.002041858091
carry,VB,0.00346170489
carry,VBP,0.001636661211
cars,NNS,0.003298515668
cartoonist,NN,0.0001767408978
case,NN,0.002386002121
cases,NNS,0.00403151915
cash,NN,0.003623188406
cash-flow,JJ,0.0003790750569
casino,NN,0.0001767408978
cask,NNP,0.0002354603249
cast,VBN,0.001033057851
casting,VBG,0.001529051988
casts,VBZ,0.001020929045
cat,NNP,0.0007063809748
cataract,NN,0.0002651113468
catch,NN,8.837044892e-05
catch,VB,0.0004327131112
category,NN,0.0001767408978
cathryn,NNP,0.0002354603249
caught,VBN,0.002066115702
cause,NN,0.0006185931425
cause,VB,0.002163565556
cause,VBP,0.001636661211
caused,VBD,0.0014803849
caused,VBN,0.004132231405
causes,NNS,0.0003665017409
causes,VBZ,0.0005104645227
causing,VBG,0.003058103976
caution,NN,0.0001767408978
cautioned,VBD,0.00074019245
cautious,JJ,0.0003790750569
cbs,NNP,0.0002354603249
ceiling,NN,0.0007953340403
censorship,NN,0.0001767408978
cent,NN,0.0004418522446
center,NN,0.0005302226935
center,NNP,0.0003531904874
centers,NNPS,0.004608294931
centers,NNS,0.0003665017409
centers,VBZ,0.0005104645227
central,JJ,0.0007581501137
central,NNP,0.0004709206499
cents,NNS,0.009895547004
century,NN,0.0002651113468
century,NNP,0.0001177301625
ceos,NNS,0.0003665017409
certain,JJ,0.004359363154
certainly,RB,0.001935733643
certificate,NN,0.0001767408978
certificates,NNS,0.0003665017409
chabrol,NNP,0.0002354603249
chain,NN,0.0007069635914
chaired,VBN,0.001033057851
chairman,NN,0.003446447508
chairman,NNP,0.001059571462
challenge,NN,0.0002651113468
challenge,VB,0.0004327131112
chamber,NN,8.837044892e-05
chamber,NNP,0.0002354603249
champagne,NN,8.837044892e-05
champagne,NNP,0.0003531904874
champion,NNP,0.0002354603249
chance,NN,0.0005302226935
change,NN,0.001237186285
change,VB,0.002163565556
change,VBP,0.0008183306056
change-ringing,NN,0.0001767408978
changed,VBD,0.00222057735
changed,VBN,0.003615702479
changes,NNS,0.002748763057
changes,VBZ,0.0005104645227
changing,VBG,0.002293577982
chaplin,NNP,0.0004709206499
chapter,NN,0.0002651113468
characters,NNS,0.0003665017409
charge,NN,0.001855779427
charge,VB,0.001298139334
charge,VBP,0.001636661211
charged,VBN,0.001549586777
charges,NNS,0.002748763057
charges,VBZ,0.001020929045
charities,NNPS,0.004608294931
charities,NNS,0.0001832508704
charles,NNP,0.001059571462
charlotte,NNP,0.0005886508123
chase,NNP,0.0007063809748
chase,VB,0.0004327131112
chassis,NN,0.0002651113468
chastised,VBD,0.000370096225
chastised,VBN,0.0005165289256
chateau,NNP,0.0003531904874
cheaper,JJR,0.01445086705
cheating,NN,0.0007953340403
check,VB,0.001298139334
checking,NN,0.0001767408978
checking,VBG,0.0007645259939
checks,NNS,0.0003665017409
chefs,NNS,0.0003665017409
chemical,NN,0.0003534817957
chemical,NNP,0.0005886508123
chemicals,NNS,0.0009162543522
chevrolet,NNP,0.0003531904874
chicago,NNP,0.004002825524
chief,JJ,0.001895375284
chief,NN,0.002651113468
child,NN,0.0002651113468
child,NNP,0.0001177301625
children,NNS,0.001282756093
china,NNP,0.002707793737
chinese,JJ,0.001137225171
chinese,NN,8.837044892e-05
chinese,NNP,0.0003531904874
chip,NN,0.0004418522446
chips,NNS,0.0009162543522
choice,NN,0.0001767408978
choose,VB,0.002163565556
chooses,VBZ,0.001020929045
choosing,NN,8.837044892e-05
choosing,VBG,0.001529051988
chosen,VBN,0.002066115702
christopher,NNP,0.0004709206499
chrysler,NNP,0.0007063809748
chrysotile,NN,0.0001767408978
chunk,NN,0.0001767408978
church,NN,0.001060445387
church,NNP,0.0003531904874
churches,NNS,0.0007330034818
cigarette,NN,0.0003534817957
cigarettes,NNS,0.001099505223
cigna,NNP,0.0002354603249
circle,NN,8.837044892e-05
circle,NNP,0.0001177301625
circuit,NN,0.0005302226935
circuit,NNP,0.0002354603249
circulation,NN,0.0008837044892
circulation,NNP,0.0001177301625
circumstances,NNS,0.0005497526113
citadel,NNP,0.0003531904874
citations,NNS,0.0005497526113
cite,VB,0.0004327131112
cite,VBP,0.0008183306056
cited,VBD,0.0029607698
cited,VBN,0.0005165289256
cites,VBZ,0.001531393568
citicorp,NNP,0.0002354603249
cities,NNS,0.0009162543522
citing,VBG,0.003058103976
citizen,NN,0.0002651113468
citizen,NNP,0.0001177301625
citizens,NNS,0.0003665017409
city,NN,0.001502297632
city,NNP,0.001765952437
civilization,NN,0.0002651113468
claim,NN,0.0001767408978
claim,VBP,0.003273322422
claiming,VBG,0.001529051988
claims,NNS,0.0003665017409
claims,VBZ,0.002041858091
clairton,NNP,0.0002354603249
clarify,VB,0.0008654262224
class,NN,0.0007069635914
class,NNP,0.0002354603249
classes,NNS,0.0003665017409
classic,JJ,0.0005686125853
classics,NNS,0.0003665017409
classroom,NN,0.0006185931425
clause,NN,0.0006185931425
clean-air,JJ,0.0005686125853
cleaner,JJR,0.005780346821
clear,JJ,0.001516300227
clear,RB,0.0003871467286
clear,VB,0.0008654262224
clearly,RB,0.001935733643
cleveland,NNP,0.0007063809748
client,NN,0.0006185931425
clients,NNS,0.003298515668
climate,NN,0.0001767408978
climbed,VBD,0.0014803849
climbed,VBN,0.0005165289256
climbing,VBG,0.001529051988
close,JJ,0.001137225171
close,NN,0.0007953340403
close,RB,0.0007742934572
close,VB,0.00346170489
closed,VBD,0.00814211695
closed,VBN,0.002066115702
closed-end,JJ,0.0005686125853
closely,RB,0.004645760743
closer,JJR,0.008670520231
closer,RBR,0.008
closing,JJ,0.0007581501137
closing,NN,8.837044892e-05
closing,VBG,0.001529051988
cloth,NN,0.0001767408978
club,NN,0.0002651113468
club,NNP,0.0001177301625
clubs,NNS,0.0003665017409
co,NNP,0.00953614316
co-owner,NN,0.0001767408978
coaching,NN,0.0001767408978
coal,NN,0.0001767408978
code,NN,0.0001767408978
code,NNP,0.0002354603249
coleman,NNP,0.001295031787
collapse,NN,0.0002651113468
collar,NN,0.0002651113468
colleagues,NNS,0.001099505223
collected,VBN,0.001549586777
collecting,NN,8.837044892e-05
collecting,VBG,0.0007645259939
collections,NNS,0.0003665017409
college,NN,0.0002651113468
college,NNP,0.0007063809748
colleges,NNS,0.0003665017409
collins,NNP,0.0002354603249
colo,NNP,0.0005886508123
colony,NN,8.837044892e-05
colony,NNP,0.0001177301625
color,NN,8.837044892e-05
color,VB,0.0004327131112
colorado,NNP,0.0002354603249
columbia,NNP,0.0005886508123
combination,NN,0.0001767408978
combined,JJ,0.0001895375284
combined,VBN,0.003099173554
combines,NNS,0.0001832508704
combines,VBZ,0.0005104645227
combo,NNP,0.0002354603249
come,VB,0.004327131112
come,VBN,0.003615702479
come,VBP,0.004091653028
comes,VBZ,0.003062787136
coming,VBG,0.01070336391
comment,NN,0.0009720749381
comment,VB,0.003028991778
comments,NNS,0.0005497526113
comments,VBZ,0.0005104645227
commerce,NN,8.837044892e-05
commerce,NNP,0.001765952437
commercial,JJ,0.003411675512
commercial,NN,0.0005302226935
commission,NN,0.0007069635914
commission,NNP,0.001530492112
commissions,NNS,0.0007330034818
commit,VB,0.0004327131112
commit,VBP,0.0008183306056
commitment,NN,0.0001767408978
commitments,NNS,0.001466006964
committed,VBD,0.000370096225
committed,VBN,0.001033057851
committee,NN,0.001148815836
committee,NNP,0.001295031787
commodities,NNS,0.0007330034818
commodity,NN,0.0004418522446
commodity,NNP,0.0002354603249
common,JJ,0.009097801365
common,NN,0.0002651113468
common,NNP,0.0001177301625
commonwealth,NNP,0.001648222275
communication,NN,8.837044892e-05
communication,NNP,0.0001177301625
communications,NNP,0.0003531904874
communications,NNPS,0.01382488479
communications,NNS,0.0001832508704
community,NN,0.0004418522446
community,NNP,0.0004709206499
companies,NNS,0.01099505223
company,NN,0.01917638742
comparable,JJ,0.0005686125853
compare,VB,0.0004327131112
compare,VBP,0.0008183306056
compared,VBD,0.000370096225
compared,VBN,0.01497933884
compares,VBZ,0.001020929045
compensate,VB,0.0008654262224
compensation,NN,0.0002651113468
compete,VB,0.001298139334
competes,VBZ,0.001531393568
competing,VBG,0.001529051988
competition,NN,0.0008837044892
competitive,JJ,0.0007581501137
competitor,NN,0.0002651113468
compiled,VBN,0.001033057851
complained,VBD,0.00074019245
complained,VBN,0.0005165289256
complains,VBZ,0.001020929045
complaint,NN,0.0002651113468
complaints,NNS,0.0003665017409
complete,JJ,0.0001895375284
complete,VB,0.002163565556
completed,VBD,0.002590673575
completed,VBN,0.003099173554
completion,NN,0.0002651113468
complex,JJ,0.0007581501137
complex,NN,8.837044892e-05
compliance,NN,0.0002651113468
complicated,IN,0.0001123974373
complicated,JJ,0.0005686125853
complicated,VBN,0.0005165289256
composite,JJ,0.002274450341
composite,NN,8.837044892e-05
composite,NNP,0.0001177301625
compound,NN,0.0004418522446
comprehensive,JJ,0.0003790750569
comprehensive,NNP,0.0001177301625
compromise,NN,0.0005302226935
compromise,VB,0.0008654262224
computer,NN,0.001855779427
computer,NNP,0.001530492112
computer-assisted,JJ,0.0003790750569
computer-driven,JJ,0.0003790750569
computers,NNS,0.002565512186
computing,NN,0.0001767408978
concentrate,VB,0.0008654262224
concentrated,VBD,0.00074019245
concept,NN,0.0004418522446
concern,NN,0.00326970661
concern,VB,0.0004327131112
concerned,VBN,0.001549586777
concerns,NNS,0.002382261316
concession,NN,0.0001767408978
conclude,VB,0.0004327131112
conclude,VBP,0.0008183306056
concluded,VBD,0.001110288675
concluded,VBN,0.0005165289256
concrete,JJ,0.0003790750569
conditional,JJ,0.0003790750569
conditions,NNS,0.003298515668
conduct,NN,8.837044892e-05
conduct,NNP,0.0001177301625
conduct,VB,0.0004327131112
conduct,VBP,0.0008183306056
confederation,NNP,0.0002354603249
conference,NN,0.001060445387
conference,NNP,0.0002354603249
confidence,NN,0.0006185931425
confidence,NNP,0.0001177301625
confidential,JJ,0.0005686125853
confined,VBN,0.001033057851
confirm,VB,0.0008654262224
confirmed,VBD,0.001110288675
confirmed,VBN,0.001033057851
conflicts,NNS,0.0003665017409
confused,JJ,0.0001895375284
confused,VBN,0.0005165289256
conglomerate,NN,0.0002651113468
congregation,NN,0.0001767408978
congress,NNP,0.005062396986
congressional,JJ,0.001516300227
congressmen,NNS,0.0003665017409
coniston,NNP,0.0002354603249
conn,NNP,0.0009418412997
connecticut,NNP,0.0008241111373
connection,NN,0.0003534817957
consecutive,JJ,0.0009476876422
consensus,NN,0.0001767408978
consent,NN,0.0002651113468
consent,NNP,0.0001177301625
consented,VBD,0.00370096225
consented,VBN,0.0005165289256
consequence,NN,0.0001767408978
consequences,NNS,0.0003665017409
consider,VB,0.003028991778
consider,VBP,0.002454991817
considerable,JJ,0.0009476876422
considerably,RB,0.001548586914
consideration,NN,0.0002651113468
considered,VBN,0.004648760331
considering,VBG,0.002293577982
considers,VBZ,0.001531393568
consist,VB,0.0004327131112
consist,VBP,0.001636661211
consistently,RB,0.0007742934572
consolidated,NNP,0.0002354603249
constantly,RB,0.001161440186
constitution,NNP,0.001059571462
constitutional,JJ,0.0005686125853
constitutional,NNP,0.0001177301625
construction,NN,0.002386002121
consultant,NN,0.0002651113468
consulting,NN,0.0003534817957
consumer,NN,0.001237186285
consumer,NNP,0.0001177301625
consumers,NNS,0.001649257834
contacted,VBN,0.001549586777
contacts,NNS,0.0003665017409
contain,VB,0.001298139334
contain,VBP,0.002454991817
contained,VBD,0.0014803849
contained,VBN,0.001033057851
containers,NNPS,0.07373271889
containers,NNS,0.0001832508704
contel,NNP,0.0003531904874
contemporary,JJ,0.0007581501137
contends,VBZ,0.001531393568
content,JJ,0.0001895375284
content,NN,8.837044892e-05
contests,NNS,0.0003665017409
contingent,NN,0.0001767408978
continually,RB,0.001161440186
continue,VB,0.004327131112
continue,VBP,0.004909983633
continued,VBD,0.00222057735
continued,VBN,0.003099173554
continues,VBZ,0.00561510975
continuing,VBG,0.009174311927
contract,NN,0.002739483917
contract,VB,0.0004327131112
contracted,VBD,0.00074019245
contractor,NN,0.0001767408978
contracts,NNPS,0.004608294931
contracts,NNS,0.003298515668
contrary,JJ,0.0001895375284
contrary,NN,8.837044892e-05
contrast,NN,8.837044892e-05
contrast,VBP,0.0008183306056
contributed,VBD,0.001850481125
contributed,VBN,0.0005165289256
control,NN,0.001325556734
control,NNP,0.0001177301625
control,VB,0.0004327131112
controlled,JJ,0.0001895375284
controlled,VBD,0.000370096225
controlled,VBN,0.0005165289256
controlling,VBG,0.002293577982
controls,NNP,0.0002354603249
controls,NNS,0.0005497526113
controls,VBZ,0.0005104645227
controversial,JJ,0.0007581501137
controversy,NN,0.0002651113468
convenient,JJ,0.0005686125853
conventional,JJ,0.0009476876422
conversations,NNS,0.0003665017409
conversion,NN,0.0002651113468
convertible,JJ,0.002274450341
convicted,VBN,0.001549586777
cooled,VBN,0.001033057851
cooperation,NN,0.0002651113468
cop-killer,JJ,0.0005686125853
cope,VB,0.0008654262224
copies,NNS,0.0009162543522
copper,NN,8.837044892e-05
copper,NNP,0.0001177301625
copperweld,NN,8.837044892e-05
copperweld,NNP,0.0002354603249
copy,VB,0.0008654262224
copy,VBP,0.0008183306056
copyright,NN,0.0002651113468
corn,NN,0.0002651113468
corn,NNP,0.0001177301625
corp,NNP,0.01389215917
corporate,JJ,0.004927975739
corporate,NNP,0.0004709206499
corporations,NNS,0.001466006964
correct,JJ,0.0001895375284
correct,VB,0.0004327131112
correll,NNP,0.0002354603249
cosby,NNP,0.001059571462
cost,NN,0.0009720749381
cost,VB,0.001298139334
cost-sharing,JJ,0.0001895375284
cost-sharing,NN,0.0001767408978
costly,JJ,0.0005686125853
costs,NNS,0.003298515668
costs,VBZ,0.002041858091
could,MD,0.1318016929
council,NN,0.0004418522446
council,NNP,0.0002354603249
councils,NNS,0.0007330034818
counseling,NN,0.0001767408978
counterparts,NNS,0.0003665017409
countries,NNS,0.00403151915
country,NN,0.003799929304
counts,NNS,0.0001832508704
counts,VBZ,0.001020929045
county,NNP,0.0005886508123
couple,NN,0.0002651113468
coupled,VBN,0.001033057851
coupon,NN,0.0006185931425
course,NN,0.0007953340403
court,NN,0.00247437257
court,NNP,0.00141276195
courter,NNP,0.001177301625
courtroom,NN,0.0001767408978
courts,NNS,0.001282756093
cover,VB,0.001730852445
covered,VBN,0.002582644628
covering,VBG,0.001529051988
covers,NNS,0.0003665017409
covers,VBZ,0.0005104645227
coxon,NNP,0.0003531904874
crack,NN,8.837044892e-05
crack,VB,0.0004327131112
crane,NNP,0.0003531904874
crash,JJ,0.0001895375284
crash,NN,0.0009720749381
crash,NNP,0.0001177301625
cray,NNP,0.004002825524
cray-3,CD,0.0003162555345
cray-3,NNP,0.0009418412997
craze,NN,0.0001767408978
create,VB,0.002163565556
create,VBP,0.0008183306056
created,VBD,0.0014803849
created,VBN,0.002066115702
creates,VBZ,0.001020929045
creating,VBG,0.002293577982
creativity,NN,0.0001767408978
credibility,NN,0.0001767408978
credit,NN,0.001855779427
credit,NNP,0.0002354603249
creditors,NNS,0.0005497526113
credits,NNS,0.0003665017409
creek,NNP,0.0004709206499
crib,JJ,0.0001895375284
crib,NN,0.0001767408978
crime,NN,0.0004418522446
criminal,JJ,0.001516300227
criminal,NN,0.0001767408978
criminal,NNP,0.0001177301625
crippled,VBN,0.001033057851
crisis,NN,0.0002651113468
cristal,NNP,0.0003531904874
criticism,NN,8.837044892e-05
criticism,NNP,0.0001177301625
criticized,VBD,0.00074019245
critics,NNS,0.001832508704
crocidolite,NN,0.0004418522446
crop,NN,0.0006185931425
crops,NNS,0.0003665017409
crown,NNP,0.0002354603249
crucial,JJ,0.0003790750569
crude,JJ,0.0007581501137
cruise,NN,0.0002651113468
cruise,NNP,0.0001177301625
crunch,NN,0.0002651113468
crystal,NN,0.0002651113468
crystal-lattice,JJ,0.0001895375284
crystal-lattice,NN,8.837044892e-05
crystals,NNS,0.0009162543522
cs,NNP,0.0004709206499
curb,VB,0.001298139334
currencies,NNS,0.0003665017409
currency,NN,0.0006185931425
current,JJ,0.005496588324
current,NN,0.0001767408978
current-carrying,JJ,0.001516300227
currently,NNP,0.0001177301625
currently,RB,0.009291521487
curriculum,NN,0.0002651113468
curry,NNP,0.0009418412997
curtail,VB,0.0008654262224
customer,NN,0.0007069635914
customers,NNS,0.00421477002
cut,NN,0.0002651113468
cut,VB,0.004327131112
cut,VBD,0.003330866025
cut,VBN,0.001549586777
cutbacks,NNS,0.0007330034818
cutrer,NNP,0.0002354603249
cuts,NNS,0.0007330034818
cutting,VBG,0.003058103976
czechoslovakia,NNP,0.0004709206499
d,MD,0.006045949214
d,NNP,0.001648222275
d.c,NNP,0.0003531904874
dahl,NNP,0.0002354603249
dai-ichi,NNP,0.0002354603249
dailies,NNS,0.0003665017409
daily,JJ,0.001516300227
daily,NNP,0.0004709206499
daiwa,NNP,0.0002354603249
dallara,NNP,0.0004709206499
dallas,NNP,0.0008241111373
dam,NN,0.0004418522446
damage,NN,0.0002651113468
damaged,JJ,0.0001895375284
damaged,VBD,0.000370096225
damaged,VBN,0.0005165289256
damages,NNS,0.0009162543522
damn,RB,0.0007742934572
dan,NNP,0.0002354603249
danforth,NNP,0.0002354603249
daniel,NNP,0.0002354603249
danville,NNP,0.0002354603249
darkhorse,NNP,0.0003531904874
data,NN,0.0001767408978
data,NNP,0.0002354603249
data,NNS,0.002015759575
date,NN,0.0005302226935
daughters,NNS,0.0003665017409
david,NNP,0.00141276195
davis,NNP,0.0002354603249
day,NN,0.001944149876
day,NNP,0.0001177301625
days,NNS,0.008796041781
dd,NNP,0.0004709206499
de,FW,0.25
de,IN,0.0005619871867
dead,JJ,0.0003790750569
deadline,NN,0.0002651113468
deal,NN,0.001502297632
deal,VB,0.0004327131112
deal,VBP,0.0008183306056
dealers,NNPS,0.009216589862
dealers,NNS,0.00403151915
dealings,NNS,0.0007330034818
deals,NNS,0.001099505223
dean,NN,8.837044892e-05
dean,NNP,0.0001177301625
death,NN,0.0004418522446
deaths,NNS,0.001099505223
debate,NN,0.0004418522446
debate,VB,0.0004327131112
debenture,NN,0.0001767408978
debentures,NNS,0.001282756093
debt,NN,0.00326970661
debt,NNP,0.0001177301625
debts,NNS,0.001099505223
debut,NN,0.0001767408978
dec,NN,8.837044892e-05
dec,NNP,0.001648222275
decade,NN,0.0006185931425
decades,NNS,0.0005497526113
december,NNP,0.0009418412997
decide,VB,0.001730852445
decide,VBP,0.0008183306056
decided,VBD,0.004811250925
decided,VBN,0.001549586777
decision,NN,0.00167903853
decisions,NNS,0.0005497526113
declared,VBD,0.0014803849
declared,VBN,0.0005165289256
declaring,VBG,0.001529051988
decline,NN,0.001148815836
decline,VB,0.001730852445
decline,VBP,0.002454991817
declined,VBD,0.0074019245
declines,NNS,0.0007330034818
declines,VBZ,0.001020929045
declining,VBG,0.003822629969
decrease,NN,0.0001767408978
decrease,VB,0.0004327131112
deemed,VBD,0.000370096225
deemed,VBN,0.0005165289256
default,NN,0.0003534817957
default,NNP,0.0001177301625
default,VB,0.0004327131112
defeat,NN,8.837044892e-05
defeat,VB,0.0004327131112
defendant,NN,0.0001767408978
defendants,NNS,0.0009162543522
defended,VBD,0.00074019245
defense,NN,0.0009720749381
defense,NNP,0.0002354603249
defensive,JJ,0.0005686125853
deficit,NN,0.0005302226935
define,VB,0.0008654262224
degree,NN,0.0001767408978
degrees,NNS,0.0007330034818
del,DT,0.0001359249694
del,NNP,0.0002354603249
delay,NN,8.837044892e-05
delay,VBP,0.0008183306056
deliver,VB,0.0004327131112
deliver,VBP,0.0008183306056
delivered,VBN,0.002066115702
delivery,NN,0.0009720749381
dell,NNP,0.0003531904874
demand,NN,0.002120890774
demand,VB,0.0004327131112
demanding,VBG,0.001529051988
demise,NN,0.0002651113468
democracy,NN,0.0002651113468
democracy,NNP,0.0001177301625
democrat,NNP,0.0004709206499
democratic,JJ,0.001326762699
democrats,NNPS,0.01843317972
demographic,JJ,0.0003790750569
demonstrators,NNS,0.0003665017409
denied,VBD,0.000370096225
denied,VBN,0.001549586777
denies,VBZ,0.001531393568
dennis,NNP,0.0002354603249
denounce,VB,0.0004327131112
denounce,VBP,0.0008183306056
denouncing,VBG,0.001529051988
deny,VB,0.0008654262224
denying,VBG,0.004587155963
department,NN,0.00247437257
department,NNP,0.004120555686
departure,NN,0.001148815836
depending,VBG,0.001529051988
deposit,NN,0.0004418522446
depositary,JJ,0.0001895375284
depositary,NN,0.0001767408978
deposits,NNS,0.0007330034818
deputy,JJ,0.0001895375284
deputy,NN,0.0004418522446
deregulation,NN,0.0001767408978
des,NNP,0.00141276195
describe,VB,0.0004327131112
describe,VBP,0.0008183306056
described,VBD,0.0014803849
described,VBN,0.001033057851
describes,VBZ,0.001020929045
deserve,VB,0.0004327131112
deserve,VBP,0.001636661211
design,NN,0.0004418522446
design,VB,0.0008654262224
designated,NNP,0.0001177301625
designated,VBN,0.0005165289256
designed,VBN,0.01033057851
designer,NN,0.0002651113468
designers,NNS,0.0005497526113
desirable,JJ,0.0003790750569
desired,VBN,0.001033057851
despite,IN,0.002472743621
detailed,JJ,0.0003790750569
details,NNS,0.001099505223
determine,VB,0.0008654262224
determined,VBD,0.000370096225
determined,VBN,0.001549586777
detroit,NNP,0.0004709206499
devastating,JJ,0.0001895375284
devastating,VBG,0.0007645259939
develop,VB,0.001298139334
developed,VBD,0.0014803849
developed,VBN,0.002066115702
developing,VBG,0.003058103976
development,NN,0.001590668081
development,NNP,0.0004709206499
device,NN,0.0001767408978
devices,NNS,0.001282756093
devise,VB,0.0004327131112
devise,VBP,0.0008183306056
devon,NNP,0.0002354603249
devote,VB,0.0008654262224
dialogue,NN,0.0001767408978
diamond,NN,8.837044892e-05
diamond,NNP,0.0003531904874
diaper,NN,0.0005302226935
diaper,NNP,0.0002354603249
did,VBD,0.0222057735
die,VB,0.001730852445
died,VBD,0.000370096225
died,VBN,0.0005165289256
difference,NN,0.0007953340403
differences,NNS,0.001282756093
different,JJ,0.003222137983
different,NNP,0.0001177301625
difficult,JJ,0.0009476876422
diminished,VBN,0.001033057851
dingell,NNP,0.0008241111373
dinkins,NNP,0.001295031787
dinner,NN,0.0001767408978
direct,JJ,0.001326762699
direct,VB,0.001298139334
direct-mail,JJ,0.0003790750569
direction,NN,0.0004418522446
directly,RB,0.002322880372
director,NN,0.002562743019
directors,NNS,0.001099505223
dirtiest,JJS,0.0125
disagree,VBP,0.001636661211
disagreement,NN,0.0001767408978
disappointed,JJ,0.0001895375284
disappointed,VBN,0.001033057851
disappointing,JJ,0.0005686125853
disappointment,NN,0.0002651113468
disciplinary,JJ,0.0007581501137
disclosed,VBD,0.001110288675
disclosed,VBN,0.005165289256
disclosure,NN,0.0001767408978
discontinued,VBN,0.001033057851
discos,NNS,0.0003665017409
discount,NN,0.0004418522446
discount,NNP,0.0001177301625
discovered,VBN,0.002582644628
discrepancies,NNS,0.0005497526113
discretionary,JJ,0.0003790750569
discuss,VB,0.002163565556
discussed,VBD,0.000370096225
discussed,VBN,0.001033057851
discussing,VBG,0.002293577982
discussions,NNS,0.001282756093
disease,NN,0.0002651113468
disease,NNP,0.0001177301625
diseases,NNS,0.001099505223
disgorge,VB,0.002596278667
disk,NN,0.0002651113468
dislike,NN,8.837044892e-05
dislike,VBP,0.0008183306056
dismissed,VBD,0.000370096225
dismissed,VBN,0.001033057851
disorders,NNS,0.0005497526113
disposal,NN,0.0002651113468
dispute,NN,0.0002651113468
disputes,NNS,0.0005497526113
dissemination,NN,0.0003534817957
distributable,JJ,0.0003790750569
distribution,NN,0.0004418522446
distributor,NN,0.0001767408978
district,NN,0.0009720749381
district,NNP,0.0003531904874
districts,NNS,0.0007330034818
disturbing,JJ,0.0005686125853
diversified,JJ,0.0001895375284
diversified,VBN,0.0005165289256
diversify,VB,0.0008654262224
divided,VBN,0.001549586777
dividend,NN,0.002120890774
dividends,NNS,0.003848268279
division,NN,0.00167903853
division,NNP,0.0001177301625
divisions,NNS,0.0003665017409
do,VB,0.01384681956
do,VBP,0.04337152209
documents,NNS,0.001099505223
dodge,NNP,0.0004709206499
does,VBZ,0.02654415518
doing,VBG,0.006880733945
dole,NNP,0.0002354603249
dollar,NN,0.001237186285
dollar,NNP,0.0001177301625
dollar-denominated,JJ,0.0005686125853
dollars,NNS,0.002932013927
domestic,JJ,0.001895375284
dominated,VBD,0.000370096225
dominated,VBN,0.001033057851
domination,NN,0.0001767408978
donald,NNP,0.0007063809748
donaldson,NNP,0.0004709206499
done,VBN,0.002582644628
donor,NN,0.0001767408978
door,NN,0.0005302226935
dorothy,NNP,0.0003531904874
dorrance,NNP,0.0003531904874
double,JJ,0.0001895375284
double,VB,0.0004327131112
double-digit,JJ,0.0003790750569
doubled,VBD,0.001110288675
doubt,NN,0.0002651113468
douglas,NNP,0.0005886508123
dover,NNP,0.0004709206499
dow,NNP,0.002119142924
down,IN,0.001910756435
down,NN,8.837044892e-05
down,NNP,0.0001177301625
down,RB,0.008130081301
down,RP,0.0618556701
downgrade,NN,0.0001767408978
downtown,NN,0.0001767408978
downturn,NN,0.0003534817957
downward,JJ,0.0001895375284
downward,RB,0.0003871467286
dozen,NN,0.0002651113468
dozens,NNS,0.0007330034818
dr,NNP,0.001530492112
drain,NN,0.0001767408978
dramatic,JJ,0.0005686125853
dramatically,RB,0.0007742934572
draw,VB,0.0008654262224
draw,VBP,0.0008183306056
drawing,NN,0.0001767408978
drawing,VBG,0.0007645259939
drawn,VBN,0.001549586777
dresser,NNP,0.0002354603249
drew,NNP,0.0001177301625
drew,VBD,0.000370096225
drexel,NNP,0.001295031787
drifted,VBD,0.00074019245
drink,NN,0.0001767408978
drink,VBP,0.001636661211
driscoll,NNP,0.0002354603249
driskill,NNP,0.0002354603249
drive,VBP,0.001636661211
drivers,NNS,0.0005497526113
drives,NNS,0.0003665017409
driving,VBG,0.002293577982
drop,NN,0.001060445387
drop,VB,0.001298139334
dropped,VBD,0.00370096225
dropped,VBN,0.0005165289256
drought,NN,0.0002651113468
drove,VBD,0.00074019245
droz,NNP,0.0002354603249
drug,NN,0.001148815836
drug,NNP,0.0003531904874
drugs,NNS,0.002015759575
dry,JJ,0.0005686125853
dsm,NNP,0.0003531904874
due,JJ,0.006823351024
duke,NNP,0.0002354603249
duly,RB,0.0007742934572
dumped,VBD,0.00074019245
dumped,VBN,0.001033057851
dumpster,NNP,0.0002354603249
dunkin,NNP,0.0005886508123
during,IN,0.004608294931
dutch,JJ,0.0003790750569
dutch,NNP,0.0001177301625
duties,NNS,0.001282756093
duty,NN,0.0002651113468
duty-free,JJ,0.0009476876422
dynamics,NNP,0.0001177301625
dynamics,NNS,0.0003665017409
e,NNP,0.0008241111373
each,DT,0.005844773685
eager,JJ,0.0005686125853
eakle,NNP,0.0002354603249
earlier,JJR,0.08959537572
earlier,RB,0.001161440186
earlier,RBR,0.072
early,JJ,0.004548900682
early,RB,0.005032907472
earn,VB,0.0008654262224
earned,VBD,0.001850481125
earned,VBN,0.0005165289256
earnings,NNS,0.006230529595
earns,VBZ,0.001531393568
earthquake,NN,0.0001767408978
ease,VB,0.002163565556
ease,VBP,0.0008183306056
eased,VBD,0.00074019245
easier,JJR,0.01445086705
easily,RB,0.002322880372
easing,VBG,0.001529051988
east,JJ,0.0005686125853
east,NNP,0.0002354603249
eastern,NNP,0.0005886508123
easy,JJ,0.001705837756
eaton,NNP,0.0002354603249
economic,JJ,0.007391963609
economic,NNP,0.0003531904874
economics,NN,8.837044892e-05
economics,NNP,0.0002354603249
economics,NNS,0.0003665017409
economies,NNS,0.0005497526113
economist,NN,0.0005302226935
economists,NNS,0.001099505223
economy,NN,0.001944149876
economy,NNP,0.0001177301625
edelman,NNP,0.0004709206499
edison,NNP,0.002472333412
edition,NN,0.0002651113468
editor,NN,0.0009720749381
editorial,NN,0.0005302226935
editorially,RB,0.0007742934572
editors,NNS,0.0007330034818
education,NN,0.0005302226935
education,NNP,0.0005886508123
educational,JJ,0.0003790750569
educational,NNP,0.0001177301625
educators,NNS,0.0009162543522
edward,NNP,0.0007063809748
edwards,NNP,0.0002354603249
effect,NN,0.001590668081
effective,JJ,0.0007581501137
effectively,RB,0.001548586914
effects,NNS,0.0005497526113
efficient,JJ,0.0005686125853
effort,NN,0.0007953340403
efforts,NNS,0.002015759575
eggers,NNP,0.0003531904874
egnuss,NNP,0.0003531904874
egypt,NNP,0.0002354603249
eight,CD,0.001265022138
einhorn,NNP,0.0003531904874
either,CC,0.001522070015
either,DT,0.0005436998777
either,RB,0.0007742934572
el,NNP,0.0002354603249
elaborate,JJ,0.0003790750569
elaborate,VB,0.003028991778
elco,NNP,0.0002354603249
elected,VBN,0.002066115702
election,NN,0.0001767408978
elections,NNS,0.0007330034818
electric,JJ,0.0003790750569
electric,NNP,0.0008241111373
electrical,JJ,0.0005686125853
electricity,NN,0.0003534817957
electronic,JJ,0.001137225171
electronics,NNP,0.0002354603249
electronics,NNS,0.001832508704
elevators,NNS,0.0009162543522
eligible,JJ,0.0009476876422
eliminate,VB,0.002596278667
eliminate,VBP,0.0008183306056
eliminated,VBD,0.000370096225
eliminated,VBN,0.002066115702
eliminates,VBZ,0.001531393568
elizabeth,NNP,0.0002354603249
else,RB,0.001161440186
elsewhere,RB,0.001935733643
embassy,NN,8.837044892e-05
embassy,NNP,0.0003531904874
emissions,NNS,0.0009162543522
emphasis,NN,0.0001767408978
empire,NN,0.0001767408978
employed,VBN,0.001549586777
employee,NN,0.0005302226935
employees,NNS,0.002382261316
employer,NN,0.0003534817957
employers,NNS,0.0003665017409
employment,NN,0.0006185931425
employs,VBZ,0.001531393568
enables,VBZ,0.001020929045
enabling,VBG,0.001529051988
enacted,VBN,0.001033057851
encourage,VB,0.0008654262224
encourage,VBP,0.001636661211
encouraging,VBG,0.002293577982
end,NN,0.001767408978
end,VB,0.002163565556
ended,VBD,0.006291635825
ended,VBN,0.001033057851
ending,VBG,0.005351681957
endorsed,VBD,0.000370096225
endorsed,VBN,0.0005165289256
energetic,JJ,0.0003790750569
energy,NN,0.0005302226935
energy,NNP,0.0008241111373
enforce,VB,0.0008654262224
enforcement,NN,0.0009720749381
engage,VB,0.0004327131112
engage,VBP,0.0008183306056
engaged,VBN,0.001033057851
engaging,JJ,0.0001895375284
engaging,VBG,0.0007645259939
engineering,NN,0.0005302226935
engineers,NNS,0.0003665017409
england,NNP,0.002707793737
english,JJ,0.0005686125853
english,NNP,0.0003531904874
english,NNS,0.0001832508704
enormous,JJ,0.0003790750569
enough,JJ,0.0009476876422
enough,RB,0.003871467286
entered,VBD,0.00074019245
entered,VBN,0.001033057851
entering,VBG,0.001529051988
enterprise,NNP,0.0002354603249
enters,VBZ,0.001531393568
entertainment,NN,8.837044892e-05
entertainment,NNP,0.0003531904874
enthusiasm,NN,0.0001767408978
entire,JJ,0.0005686125853
entirely,RB,0.001548586914
entitles,VBZ,0.001020929045
environment,NN,0.0006185931425
environment,NNP,0.0001177301625
environmental,JJ,0.0009476876422
environmental,NNP,0.0001177301625
environmentalists,NNS,0.0003665017409
environments,NNS,0.0003665017409
episodes,NNS,0.0003665017409
equal,JJ,0.0007581501137
equally,RB,0.001548586914
equipment,NN,0.0007953340403
equitable,NNP,0.0004709206499
equity,NN,0.0008837044892
equity,NNP,0.0001177301625
equivalent,JJ,0.0001895375284
equivalent,NN,0.0001767408978
equus,NNP,0.0004709206499
era,NN,0.0002651113468
erbamont,NN,8.837044892e-05
erbamont,NNP,0.0001177301625
escrow,NN,0.0001767408978
especially,RB,0.0027100271
essentially,RB,0.003097173829
esso,NN,8.837044892e-05
esso,NNP,0.0002354603249
estate,NN,0.0004418522446
estate,NNP,0.0004709206499
estimate,NN,0.0001767408978
estimated,VBD,0.00222057735
estimated,VBN,0.006714876033
estimates,NNS,0.0007330034818
estimates,VBZ,0.001020929045
ethical,JJ,0.0005686125853
eugene,NNP,0.0002354603249
eurobonds,NNS,0.0003665017409
europe,NNP,0.001059571462
european,JJ,0.0009476876422
european,NNP,0.0001177301625
evans,NNP,0.0002354603249
even,JJ,0.0005686125853
even,RB,0.027100271
even,VB,0.0004327131112
evening,NN,0.0003534817957
evenly,RB,0.0007742934572
event,NN,0.0002651113468
events,NNS,0.0005497526113
eventually,RB,0.0027100271
ever,RB,0.0027100271
every,DT,0.002854424358
everybody,NN,0.0001767408978
everyone,NN,0.0003534817957
everything,NN,0.0001767408978
everywhere,RB,0.0007742934572
evidence,NN,0.001237186285
evil,JJ,0.0003790750569
evil,NN,8.837044892e-05
evolution,NN,0.0001767408978
exact,JJ,0.001137225171
examination,NN,0.0004418522446
examined,VBD,0.000370096225
examined,VBN,0.0005165289256
examiner,NNP,0.0003531904874
example,NN,0.002120890774
exceed,VB,0.001298139334
exceed,VBP,0.0008183306056
exceeding,VBG,0.001529051988
except,IN,0.0008991794987
exception,NN,0.0001767408978
exceptionally,RB,0.0007742934572
excess,JJ,0.0005686125853
excess,NN,0.0001767408978
excessive,JJ,0.0005686125853
exchange,NN,0.00167903853
exchange,NNP,0.005062396986
exchange,VB,0.0008654262224
exchanges,NNS,0.0005497526113
excise,JJ,0.0001895375284
excise,VB,0.0004327131112
excision,NN,0.0004418522446
excluding,VBG,0.001529051988
exclusive,JJ,0.0005686125853
execute,VB,0.001730852445
executed,VBN,0.001549586777
executing,VBG,0.002293577982
execution,NN,0.0003534817957
executive,JJ,0.004738438211
executive,NN,0.003358077059
executives,NNS,0.002932013927
exemption,NN,0.0001767408978
exercisable,JJ,0.0003790750569
exercise,NN,0.0001767408978
exercise,VB,0.001298139334
exercised,VBN,0.001549586777
exhaust,NN,8.837044892e-05
exhaust,VBP,0.0008183306056
exhibition,NN,0.0001767408978
existing,VBG,0.003058103976
expand,VB,0.001730852445
expanded,VBD,0.0014803849
expanded,VBN,0.0005165289256
expanding,VBG,0.003822629969
expansion,NN,0.0004418522446
expect,VB,0.0008654262224
expect,VBP,0.004909983633
expectations,NNS,0.0009162543522
expected,VBN,0.02324380165
expecting,VBG,0.002293577982
expects,VBZ,0.009188361409
expelled,VBD,0.000370096225
expelled,VBN,0.001033057851
expenses,NNS,0.001466006964
expensive,JJ,0.001705837756
experience,NN,0.0007069635914
experience,VB,0.0004327131112
expert,NN,0.0002651113468
experts,NNS,0.0009162543522
expire,VB,0.001730852445
expire,VBP,0.002454991817
explain,VB,0.0008654262224
explained,VBD,0.001110288675
explains,VBZ,0.002041858091
exploration,NN,0.0001767408978
explosion,NN,0.0001767408978
export,NN,0.0008837044892
export,VB,0.0008654262224
exporter,NN,0.0003534817957
exports,NNS,0.002015759575
exposed,VBN,0.001033057851
exposure,NN,0.0003534817957
exposures,NNS,0.0005497526113
express,NNP,0.002236873087
expressed,VBD,0.001110288675
expressed,VBN,0.001033057851
extend,VB,0.002596278667
extend,VBP,0.0008183306056
extended,JJ,0.0001895375284
extended,VBD,0.00074019245
extended,VBN,0.0005165289256
extending,VBG,0.001529051988
extension,NN,0.0001767408978
extensive,JJ,0.0003790750569
extent,NN,0.0002651113468
extra,JJ,0.0007581501137
extraordinary,JJ,0.0009476876422
extremely,RB,0.0007742934572
exxon,NNP,0.0002354603249
eye,NN,0.0002651113468
eyes,NNS,0.0003665017409
f,NN,0.0002651113468
f,NNP,0.0002354603249
face,NN,0.0008837044892
face,VB,0.003028991778
face,VBP,0.002454991817
faced,VBN,0.001033057851
faces,VBZ,0.001020929045
facilities,NNPS,0.004608294931
facilities,NNS,0.0001832508704
facility,NN,0.0003534817957
facing,VBG,0.003822629969
fact,NN,0.001237186285
factor,NN,0.0003534817957
factors,NNS,0.001282756093
factors,VBZ,0.0005104645227
factory,NN,0.001237186285
factory,NNP,0.0001177301625
facts,NNS,0.0003665017409
faculty,NN,0.0001767408978
fail,VB,0.0004327131112
fail,VBP,0.002454991817
failed,VBD,0.002590673575
failed,VBN,0.003099173554
failing,VBG,0.003058103976
fails,VBZ,0.001531393568
failures,NNS,0.0003665017409
fair,JJ,0.0001895375284
fair,NNP,0.0002354603249
fairless,NNP,0.0003531904874
fairly,RB,0.001935733643
fairness,NN,0.0001767408978
fall,NN,0.001148815836
fall,VB,0.002596278667
fall,VBP,0.002454991817
fallen,VBN,0.003099173554
falling,VBG,0.003058103976
familiar,JJ,0.0007581501137
family,NN,0.00167903853
family,NNP,0.0002354603249
family-planning,JJ,0.0003790750569
fang,NNP,0.0002354603249
fannie,NNP,0.0004709206499
fans,NNS,0.0003665017409
far,IN,0.0001123974373
far,JJ,0.0005686125853
far,RB,0.0108401084
fare,VBP,0.001636661211
farm,NN,0.0006185931425
farm,NNP,0.0002354603249
farmers,NNS,0.002199010445
fast,JJ,0.0001895375284
fast,RB,0.0007742934572
fast-food,NN,0.0004418522446
fast-growing,JJ,0.0003790750569
fasteners,NNS,0.0003665017409
faster,JJR,0.01156069364
fat,JJ,0.0003790750569
fatalities,NNS,0.0003665017409
father,NN,0.0003534817957
faulding,NNP,0.0003531904874
fault,NN,0.0001767408978
favor,NN,0.0003534817957
favor,VB,0.0004327131112
favorable,JJ,0.0005686125853
favored,JJ,0.0001895375284
favored,VBD,0.000370096225
favored,VBN,0.0005165289256
favorite,JJ,0.0003790750569
fax,NNP,0.0002354603249
fe,NNP,0.0002354603249
fear,NN,0.0003534817957
fear,VBP,0.0008183306056
feared,VBD,0.00074019245
feared,VBN,0.0005165289256
fears,NNS,0.0007330034818
featured,VBD,0.00074019245
features,NNS,0.0007330034818
featuring,VBG,0.001529051988
february,NNP,0.0003531904874
fed,NNP,0.001295031787
fed,VBD,0.000370096225
fed,VBN,0.0005165289256
federal,JJ,0.008908263836
federal,NNP,0.002707793737
fee,NN,0.0003534817957
feel,VB,0.001298139334
feel,VBP,0.006546644845
feeling,VBG,0.002293577982
feels,VBZ,0.001020929045
fees,NNS,0.004398020891
fell,VBD,0.01110288675
fellow,JJ,0.0003790750569
felony,NN,0.0001767408978
felt,VBD,0.0014803849
felt,VBN,0.0005165289256
felten,NNP,0.0002354603249
female,JJ,0.0007581501137
female,NN,8.837044892e-05
fernando,NNP,0.0002354603249
fetal,JJ,0.0005686125853
fetal-tissue,JJ,0.001516300227
few,JJ,0.005686125853
fewer,JJR,0.02023121387
fibers,NNS,0.0007330034818
field,NN,0.0008837044892
fields,NNP,0.0002354603249
fields,NNS,0.002015759575
fierce,JJ,0.0003790750569
fifth,JJ,0.001326762699
fifth-grade,NN,0.0002651113468
fight,NN,0.0002651113468
fighting,VBG,0.001529051988
figure,NN,0.0003534817957
figure,VB,0.0008654262224
figure,VBP,0.0008183306056
figures,NNS,0.002015759575
file,NN,8.837044892e-05
file,VB,0.002596278667
filed,VBD,0.00074019245
filed,VBN,0.004648760331
filing,NN,0.0007953340403
filings,NNS,0.001099505223
fill,VB,0.0008654262224
filling,NN,8.837044892e-05
filling,VBG,0.001529051988
fills,VBZ,0.001020929045
film,NN,0.0006185931425
films,NNS,0.0005497526113
filter,NN,8.837044892e-05
filter,NNP,0.0001177301625
filters,NNS,0.001282756093
final,JJ,0.001326762699
finally,RB,0.001161440186
finance,NN,0.001148815836
finance,NNP,0.001059571462
finance,VB,0.002163565556
financed,VBN,0.002066115702
financial,JJ,0.007771038666
financial,NNP,0.001295031787
financial-services,NNS,0.0003665017409
financially,RB,0.001548586914
financing,NN,0.0007069635914
financing,NNP,0.0001177301625
financing,VBG,0.003822629969
financings,NNS,0.0009162543522
find,VB,0.003894418001
find,VBP,0.003273322422
finding,NN,0.0003534817957
finding,VBG,0.001529051988
findings,NNS,0.001466006964
fine,NN,0.002032520325
fine,RB,0.0003871467286
fined,VBN,0.009297520661
fines,NNS,0.0007330034818
finished,VBD,0.0014803849
finished,VBN,0.0005165289256
finland,NNP,0.0002354603249
finmeccanica,NNP,0.0002354603249
finnish,JJ,0.0003790750569
fire,NN,8.837044892e-05
fire,NNP,0.0002354603249
fired,VBD,0.001110288675
fired,VBN,0.001549586777
firm,JJ,0.0003790750569
firm,NN,0.00326970661
firms,NNS,0.006230529595
first,CD,0.0003162555345
first,JJ,0.01137225171
first,NNP,0.003531904874
first,RB,0.003097173829
fiscal,JJ,0.00720242608
fiscal,NN,8.837044892e-05
fit,JJ,0.0001895375284
fit,NN,8.837044892e-05
five,CD,0.008855154965
five-point,JJ,0.0003790750569
five-year,JJ,0.0003790750569
fixed,VBN,0.004648760331
fixed-price,JJ,0.0003790750569
fixed-rate,JJ,0.001137225171
fla,NNP,0.001059571462
flag,NN,0.0002651113468
flap,NN,0.0001767408978
flat,JJ,0.001137225171
flat,RB,0.0003871467286
flights,NNS,0.0003665017409
floating-rate,JJ,0.0005686125853
floor,NN,0.001060445387
florida,NNP,0.0002354603249
florio,NNP,0.0005886508123
flow,NN,0.0001767408978
flows,NNS,0.0003665017409
flows,VBZ,0.0005104645227
fluctuation,NN,0.0001767408978
fly,VB,0.0004327131112
fly,VBP,0.0008183306056
focus,NN,0.0003534817957
focus,VB,0.001298139334
focused,VBN,0.002582644628
focusing,VBG,0.001529051988
fold,VB,0.0008654262224
folks,NNS,0.0005497526113
follow,VB,0.0004327131112
follow,VBP,0.0008183306056
followed,VBD,0.00222057735
followed,VBN,0.002066115702
following,JJ,0.0001895375284
following,NN,0.0001767408978
following,VBG,0.01070336391
follows,VBZ,0.002041858091
food,NN,0.001060445387
food,NNP,0.0003531904874
foods,NNP,0.0001177301625
foods,NNPS,0.004608294931
foods,NNS,0.0001832508704
foot,NN,8.837044892e-05
foot,NNP,0.0003531904874
football,NN,0.0001767408978
for,IN,0.087894796
for,RB,0.0003871467286
for,RP,0.005154639175
force,NN,0.001413927183
force,NNP,0.0003531904874
force,VB,0.002163565556
forced,VBD,0.000370096225
forced,VBN,0.002066115702
forces,NNS,0.0007330034818
forces,VBZ,0.001020929045
forcing,JJ,0.0001895375284
forcing,VBG,0.0007645259939
ford,NNP,0.001883682599
forecast,NN,0.0003534817957
forecast,VBD,0.000370096225
forecast,VBP,0.0008183306056
forecasts,NNS,0.0005497526113
foreign,JJ,0.004359363154
foreign,NNP,0.0007063809748
foreigners,NNS,0.0003665017409
forest-products,NNS,0.0003665017409
forgiven,VBN,0.001033057851
form,NN,0.001502297632
formal,JJ,0.0003790750569
format,NN,0.0001767408978
formed,VBD,0.000370096225
formed,VBN,0.002066115702
former,JJ,0.003032600455
formerly,RB,0.0007742934572
forms,NNS,0.001466006964
forum,NN,0.0001767408978
forward,RB,0.001548586914
foster,NNP,0.0008241111373
foul,JJ,0.0003790750569
found,VBD,0.004071058475
found,VBN,0.005165289256
foundation,NN,8.837044892e-05
foundation,NNP,0.0002354603249
founded,VBN,0.002066115702
founder,NN,0.0003534817957
four,CD,0.006325110689
fourth,JJ,0.002084912813
fourth-quarter,NN,0.0004418522446
fractionally,RB,0.0007742934572
fragile,JJ,0.0003790750569
framers,NNS,0.0005497526113
franc,NN,0.0001767408978
france,NNP,0.0009418412997
francis,NNP,0.0002354603249
francisco,NNP,0.001648222275
francs,NNS,0.0005497526113
frank,NNP,0.0004709206499
frankly,RB,0.0007742934572
fraud,NN,0.0001767408978
fred,NNP,0.0002354603249
frederick,NNP,0.0002354603249
free,JJ,0.002274450341
free,NNP,0.0003531904874
free,RB,0.0003871467286
free,VB,0.0004327131112
freedom,NN,0.0002651113468
freeport-mcmoran,NNP,0.0005886508123
french,JJ,0.0007581501137
frequently,RB,0.001935733643
fresh,JJ,0.0005686125853
friday,NNP,0.0002354603249
friend,NN,0.0002651113468
friendly,JJ,0.0007581501137
friends,NNPS,0.01382488479
friends,NNS,0.0007330034818
from,IN,0.0382151287
front,JJ,0.0003790750569
front,NN,0.0003534817957
frozen,VBN,0.001033057851
ft-se,NNP,0.0003531904874
ftc,NNP,0.0005886508123
fuel,NN,0.0002651113468
fuel,VB,0.0004327131112
fueled,VBD,0.000370096225
fueled,VBN,0.001549586777
fujitsu,NNP,0.001530492112
fulham,NNP,0.0002354603249
full,JJ,0.003032600455
full-time,JJ,0.0003790750569
fully,RB,0.003871467286
functions,NNS,0.0003665017409
fund,NN,0.0009720749381
fund,NNP,0.00141276195
fund,VB,0.0008654262224
fundamental,JJ,0.0005686125853
fundamentalist,JJ,0.0003790750569
funded,JJ,0.0001895375284
funded,VBN,0.002066115702
funding,NN,0.001325556734
funding,NNP,0.0001177301625
funding,VBG,0.001529051988
funds,NNPS,0.004608294931
funds,NNS,0.01227780832
funny,JJ,0.0007581501137
funny,NNP,0.0001177301625
furniture,NN,0.0001767408978
furor,NN,0.0002651113468
further,JJ,0.001705837756
further,JJR,0.00289017341
further,RB,0.001548586914
further,RBR,0.016
furukawa,NNP,0.0002354603249
future,JJ,0.002843062926
future,NN,0.0006185931425
futures,NNP,0.0001177301625
futures,NNPS,0.009216589862
futures,NNS,0.01081180136
g,NNP,0.0009418412997
ga,NNP,0.0002354603249
gaf,NNP,0.0005886508123
gain,NN,0.001060445387
gain,VB,0.001730852445
gained,VBD,0.005551443375
gained,VBN,0.001549586777
gaining,VBG,0.003058103976
gains,NNS,0.002932013927
gains,VBZ,0.0005104645227
game,NN,0.0006185931425
games,NNS,0.0003665017409
ganes,NNP,0.0004709206499
garbage,NN,8.837044892e-05
garbage,NNP,0.0007063809748
gary,NNP,0.0004709206499
gas,NN,0.0001767408978
gas,NNP,0.0001177301625
gasoline,NN,0.0002651113468
gates,NNP,0.0002354603249
gauge,VB,0.0008654262224
gave,VBD,0.003330866025
gencorp,NNP,0.0004709206499
genel,NNP,0.0002354603249
general,JJ,0.00360121304
general,NN,0.0001767408978
general,NNP,0.001530492112
generally,RB,0.005032907472
genes,NNS,0.0003665017409
genie,NN,8.837044892e-05
genie,NNP,0.0001177301625
geography,NN,0.0004418522446
george,NNP,0.0005886508123
georgetown,NNP,0.0002354603249
georgia,NNP,0.002590063574
georgia-pacific,NNP,0.001295031787
gerald,NNP,0.0003531904874
gerard,NNP,0.0002354603249
german,JJ,0.0003790750569
germany,NNP,0.0004709206499
get,VB,0.015577672
get,VBP,0.005728314239
gets,VBZ,0.002041858091
getting,VBG,0.007645259939
giant,JJ,0.0007581501137
giant,NN,8.837044892e-05
giant,NNP,0.0004709206499
giants,NNP,0.0002354603249
giants,NNPS,0.01382488479
giants,NNS,0.0003665017409
gift,NN,0.0001767408978
gillespie,NNP,0.0002354603249
ginnie,NNP,0.0002354603249
girl,NN,0.0001767408978
giuliani,NNP,0.0005886508123
give,VB,0.006057983557
give,VBP,0.004909983633
given,VBN,0.006198347107
gives,VBZ,0.004083716182
giving,VBG,0.006880733945
glass,NN,0.0005302226935
glass,NNP,0.0001177301625
glenn,NNP,0.0003531904874
global,JJ,0.001137225171
globe,NN,0.0002651113468
gm,NNP,0.0002354603249
gmac,NNP,0.0004709206499
go,VB,0.007788836002
go,VBP,0.003273322422
goal,NN,0.0002651113468
goes,VBZ,0.006125574273
going,VBG,0.01376146789
gold,NN,0.0004418522446
gold,NNP,0.0002354603249
goldman,NNP,0.0008241111373
gone,VBN,0.001549586777
good,JJ,0.006444275967
good,NN,0.0001767408978
goods,NNS,0.002015759575
goodwill,NN,0.0001767408978
gop,NNP,0.0002354603249
gordon,NNP,0.0002354603249
gorman,NNP,0.0002354603249
got,VBD,0.004071058475
got,VBN,0.003615702479
gotta,NNP,0.0002354603249
gotten,VBN,0.002066115702
gov,NNP,0.0002354603249
government,NN,0.006097560976
government,NNP,0.0002354603249
governor,NN,0.0002651113468
governors,NNS,0.0003665017409
grace,NNP,0.0004709206499
grade,NN,0.0001767408978
graders,NNS,0.0005497526113
grain,NN,0.0007069635914
grains,NNPS,0.004608294931
grains,NNS,0.0001832508704
grand,JJ,0.0001895375284
grand,NNP,0.0001177301625
grandfather,NN,0.0001767408978
grant,NN,8.837044892e-05
grant,NNP,0.0001177301625
grant,VB,0.001298139334
grapes,NNS,0.0003665017409
graphics,NNS,0.0003665017409
gray,NNP,0.0002354603249
great,JJ,0.002653525398
great,NNP,0.0005886508123
greater,JJR,0.02601156069
greatest,JJS,0.0125
greatly,RB,0.001161440186
greed,NN,0.0001767408978
green,JJ,0.0009476876422
green,NNP,0.0001177301625
greenville,NNP,0.00141276195
gregory,NNP,0.0002354603249
grew,VBD,0.001110288675
gross,JJ,0.0001895375284
gross,NNP,0.0001177301625
ground,NN,0.0003534817957
group,NN,0.003534817957
group,NNP,0.003060984224
groups,NNS,0.001649257834
growing,JJ,0.0001895375284
growing,VBG,0.01605504587
grown,VBN,0.002066115702
grows,VBZ,0.002041858091
growth,NN,0.003534817957
growth,NNP,0.0001177301625
growths,NNS,0.0003665017409
guarantee,NN,0.0001767408978
guarantee,VB,0.0004327131112
guaranteed,VBN,0.001549586777
guarantees,NNS,0.0007330034818
guard,NNP,0.001177301625
guards,NNS,0.0009162543522
guests,NNS,0.0005497526113
guffey,NNP,0.0004709206499
guild,NN,0.0006185931425
guild,NNP,0.0002354603249
guilders,NNS,0.001649257834
guilty,JJ,0.0005686125853
guinea,NNP,0.0003531904874
gulf,NNP,0.002236873087
gunship,NN,0.0001767408978
gyrations,NNS,0.0009162543522
h,NNP,0.0004709206499
habit,NN,0.0001767408978
had,VBD,0.0547742413
had,VBN,0.002582644628
hadson,NNP,0.0002354603249
hahn,NNP,0.002472333412
half,DT,0.001223324725
half,NN,0.0007953340403
half,PDT,0.1739130435
half-hour,JJ,0.0003790750569
half-hour,NN,8.837044892e-05
hallwood,NNP,0.0002354603249
halt,NN,0.0002651113468
halt,VB,0.0004327131112
halted,VBD,0.000370096225
halted,VBN,0.0005165289256
halts,NNS,0.0003665017409
hammerschmidt,NNP,0.0002354603249
hammersmith,NNP,0.0005886508123
hammond,NNP,0.0003531904874
hampered,VBD,0.000370096225
hampered,VBN,0.0005165289256
hampshire,NNP,0.0009418412997
hampton,NNP,0.0003531904874
hand,NN,0.0007069635914
handle,VB,0.0008654262224
handled,VBN,0.001033057851
handling,NN,0.0004418522446
hands,NNS,0.0009162543522
hang,VB,0.0004327131112
hang,VBP,0.0008183306056
happen,VB,0.002163565556
harass,VB,0.0008654262224
hard,JJ,0.001326762699
hard,RB,0.001935733643
harder,JJR,0.01156069364
harder,RBR,0.008
hardly,RB,0.001548586914
hardware,NN,0.0004418522446
harm,NN,0.0001767408978
harmony,NN,0.0001767408978
harold,NNP,0.0003531904874
harper,NNP,0.0005886508123
harris,NNP,0.0002354603249
harsh,JJ,0.0005686125853
harshly,RB,0.0007742934572
hartford,NNP,0.0003531904874
has,VBP,0.0008183306056
has,VBZ,0.1597753956
hatch,NNP,0.0002354603249
haul,NN,0.0001767408978
have,NNP,0.0002354603249
have,VB,0.04067503245
have,VBD,0.000370096225
have,VBP,0.1669394435
haven,NNP,0.0002354603249
having,VBG,0.008409785933
hawaii,NNP,0.0002354603249
hay,NN,0.0001767408978
hazardous,JJ,0.0003790750569
hazards,NNS,0.0007330034818
he,PRP,0.1750778816
head,JJ,0.0001895375284
head,NN,0.0007953340403
head,VB,0.0004327131112
headquarters,NN,0.0003534817957
headquarters,NNS,0.0005497526113
heads,NNS,0.0001832508704
heads,VBZ,0.002041858091
health,NN,0.001502297632
health,NNP,0.001295031787
healthy,JJ,0.0007581501137
hear,VB,0.001730852445
heard,VBD,0.000370096225
heard,VBN,0.001033057851
hearing,NN,0.0006185931425
hearst,NNP,0.001530492112
heart,NN,0.0002651113468
heated,JJ,0.0001895375284
heated,VBN,0.0005165289256
heating,NN,0.0004418522446
heating,VBG,0.0007645259939
heavily,RB,0.001935733643
heavy,JJ,0.0009476876422
heavy,NNP,0.0003531904874
hefty,JJ,0.0009476876422
heightened,JJ,0.0001895375284
heightened,VBN,0.0005165289256
heights,NNP,0.0005886508123
held,VBD,0.001110288675
held,VBN,0.00826446281
help,NN,0.0003534817957
help,VB,0.01384681956
help,VBP,0.001636661211
helped,VBD,0.002590673575
helped,VBN,0.003099173554
helpful,JJ,0.0003790750569
helping,VBG,0.004587155963
henry,NNP,0.0003531904874
her,PRP,0.01121495327
her,PRP$,0.05077574048
herald,NNP,0.001530492112
herald,VB,0.0004327131112
here,RB,0.008517228029
heritage,NNP,0.001177301625
hermitage,NNP,0.0002354603249
hero,NN,0.0001767408978
hhs,NNP,0.0002354603249
high,JJ,0.004738438211
high,NN,0.0002651113468
high,NNP,0.002354603249
high,RB,0.0007742934572
high-priced,JJ,0.0005686125853
high-tech,JJ,0.0005686125853
high-yield,JJ,0.0005686125853
higher,JJR,0.1300578035
higher,RBR,0.016
highest,JJS,0.05
highly,RB,0.003871467286
highs,NNS,0.0003665017409
highway,NN,0.0001767408978
highway,NNP,0.0002354603249
hill,NN,8.837044892e-05
hill,NNP,0.0003531904874
hills,NNP,0.001648222275
him,PRP,0.008099688474
himself,PRP,0.004984423676
hire,VB,0.0004327131112
hire,VBP,0.0008183306056
hired,VBD,0.001110288675
hired,VBN,0.0005165289256
hiroshima,NNP,0.0002354603249
his,PRP$,0.1636107193
historic,JJ,0.0005686125853
historical,JJ,0.0003790750569
historically,RB,0.001161440186
history,NN,0.0009720749381
hit,NN,8.837044892e-05
hit,VB,0.0008654262224
hit,VBN,0.001549586777
hit,VBP,0.0008183306056
hitting,VBG,0.001529051988
hold,VB,0.001298139334
hold,VBP,0.002454991817
holder,NN,0.0001767408978
holders,NNS,0.002382261316
holding,NN,0.0002651113468
holding,NNP,0.0003531904874
holding,VBG,0.01070336391
holdings,NNP,0.0003531904874
holdings,NNPS,0.004608294931
holdings,NNS,0.0003665017409
holds,VBZ,0.002041858091
holiday,NN,0.0001767408978
hollingsworth,NNP,0.0002354603249
home,NN,0.001325556734
home,NNP,0.0002354603249
home,RB,0.0003871467286
homeless,JJ,0.001326762699
homeless,NN,0.0004418522446
homeless,NNP,0.0001177301625
homelessness,NN,0.0007953340403
homes,NNS,0.0005497526113
homosexual,JJ,0.0003790750569
homosexual,NN,8.837044892e-05
hong,NNP,0.0005886508123
honor,NN,0.0001767408978
honor,VB,0.001298139334
hook,NN,0.0001767408978
hope,NN,0.0003534817957
hope,VB,0.0004327131112
hope,VBP,0.002454991817
hopefully,RB,0.001161440186
hopes,NNS,0.0003665017409
hopes,VBZ,0.003062787136
hormats,NNP,0.0003531904874
hospital,NN,8.837044892e-05
hospital,NNP,0.0001177301625
host,NN,0.0003534817957
hostile,JJ,0.0001895375284
hostile,NN,8.837044892e-05
hot,JJ,0.0005686125853
hot,NNP,0.0001177301625
hotel,NN,0.0002651113468
hotel,NNP,0.0002354603249
hour,NN,0.0006185931425
hours,NNS,0.001832508704
house,NN,0.0003534817957
house,NNP,0.005651047798
house,VB,0.0008654262224
household,NN,0.0002651113468
households,NNS,0.0003665017409
houses,NNS,0.001099505223
housing,NN,8.837044892e-05
housing,NNP,0.0001177301625
houston,NNP,0.0004709206499
how,WRB,0.15
however,RB,0.01200154859
hoylake,NNP,0.0002354603249
hudson,NNP,0.0003531904874
huge,JJ,0.002274450341
hugo,NNP,0.0002354603249
human,JJ,0.0005686125853
human,NNP,0.0003531904874
hummerstone,NNP,0.0002354603249
hundred,CD,0.0009487666034
hundreds,NNS,0.0003665017409
hungary,NNP,0.0004709206499
hurricane,NNP,0.0002354603249
hurt,VB,0.001298139334
hurt,VBN,0.002582644628
hurting,VBG,0.001529051988
husband,NN,0.0002651113468
hutton,NNP,0.0005886508123
hymowitz,NNP,0.0003531904874
i,NNP,0.0003531904874
i,PRP,0.0691588785
ibm,NNP,0.0007063809748
idea,NN,0.0009720749381
ideas,NNS,0.0007330034818
identified,VBD,0.001110288675
identified,VBN,0.001033057851
identify,VB,0.0008654262224
ideological,JJ,0.0003790750569
if,IN,0.01281330786
if,JJ,0.0001895375284
ignoring,VBG,0.001529051988
ii,NNP,0.002590063574
iii,NNP,0.0003531904874
ill,JJ,0.0003790750569
ill,NNP,0.001059571462
illegal,JJ,0.001137225171
illegally,RB,0.0007742934572
illinois,NNP,0.0004709206499
illness,NN,0.0002651113468
illuminating,NNP,0.0003531904874
image,NN,0.0003534817957
imbalances,NNS,0.0003665017409
immediate,JJ,0.0003790750569
immediately,RB,0.001161440186
imminent,JJ,0.0009476876422
immune,JJ,0.0003790750569
impact,NN,0.0004418522446
impact,NNP,0.0001177301625
implications,NNS,0.0003665017409
implies,VBZ,0.001020929045
import,NN,0.0003534817957
import,VBP,0.0008183306056
important,JJ,0.003222137983
imported,VBD,0.00074019245
imported,VBN,0.001033057851
imports,NNS,0.001649257834
impose,VB,0.001298139334
imposed,VBD,0.00074019245
impossible,JJ,0.0005686125853
improve,VB,0.004759844223
improve,VBP,0.0008183306056
improved,VBN,0.003099173554
improvement,NN,0.0005302226935
improvement,NNP,0.0002354603249
improving,VBG,0.002293577982
in,IN,0.1772507587
in,NN,8.837044892e-05
in,NNP,0.0002354603249
in,RB,0.0007742934572
in,RP,0.07731958763
in-store,JJ,0.0003790750569
inaccurate,JJ,0.0003790750569
inadequate,JJ,0.0003790750569
inappropriate,JJ,0.0003790750569
inc,NNP,0.0122439369
incentive,NN,0.0003534817957
inched,VBD,0.00074019245
include,VB,0.001298139334
include,VBP,0.008183306056
included,VBD,0.0044411547
included,VBN,0.001549586777
includes,VBZ,0.005104645227
including,IN,0.0001123974373
including,VBG,0.0252293578
income,NN,0.003181336161
income,NNP,0.0001177301625
incomplete,JJ,0.0007581501137
increase,NN,0.00167903853
increase,VB,0.004327131112
increased,VBD,0.0029607698
increased,VBN,0.005681818182
increases,NNS,0.002199010445
increases,VBZ,0.001020929045
increasing,VBG,0.01070336391
increasingly,RB,0.001548586914
incurred,VBN,0.001549586777
indeed,RB,0.003097173829
independent,JJ,0.001137225171
index,NN,0.005390597384
index,NNP,0.0008241111373
index-arbitrage,JJ,0.0007581501137
index-arbitrage,NN,0.0002651113468
index-fund,JJ,0.0001895375284
index-fund,NN,8.837044892e-05
indexers,NNS,0.0003665017409
indiana,NNP,0.0004709206499
indianapolis,NNP,0.0004709206499
indicate,VB,0.0008654262224
indicate,VBP,0.0008183306056
indicated,VBD,0.0029607698
indicated,VBN,0.002066115702
indicates,VBZ,0.003062787136
indicating,VBG,0.001529051988
indicator,NN,0.0003534817957
indicators,NNS,0.0009162543522
individual,JJ,0.002274450341
individual,NN,8.837044892e-05
individuals,NNS,0.001649257834
indonesia,NNP,0.0002354603249
industrial,JJ,0.002843062926
industrial,NNP,0.0007063809748
industrialized,VBN,0.001033057851
industrials,NNS,0.0003665017409
industries,NNP,0.0007063809748
industries,NNPS,0.02764976959
industries,NNS,0.0001832508704
industry,NN,0.003004595263
industry,NNP,0.0004709206499
inefficiencies,NNS,0.0003665017409
inflation,NN,0.0005302226935
influence,NN,0.0003534817957
influential,JJ,0.0003790750569
information,NN,0.002297631672
information,NNP,0.0003531904874
initial,JJ,0.001326762699
initially,RB,0.001935733643
initiative,NN,8.837044892e-05
initiative,NNP,0.0001177301625
initiatives,NNS,0.0005497526113
initiatives,VBZ,0.0005104645227
injuries,NNS,0.0003665017409
inouye,NNP,0.0002354603249
inquiry,NN,0.0001767408978
insist,VBP,0.004091653028
insisted,VBD,0.001110288675
insists,VBZ,0.002041858091
inspired,VBD,0.00074019245
install,VB,0.0008654262224
installed,VBN,0.001033057851
installment,NN,0.0001767408978
instance,NN,0.0006185931425
instances,NNS,0.0003665017409
instead,RB,0.004645760743
institute,NN,8.837044892e-05
institute,NNP,0.001295031787
institute,VB,0.0004327131112
instituted,VBN,0.001033057851
institutes,NNPS,0.009216589862
institution,NN,0.0003534817957
institution,NNP,0.0002354603249
institutional,JJ,0.001895375284
institutions,NNS,0.003481766538
instruction,NN,0.0001767408978
instrumental,JJ,0.0003790750569
instruments,NNPS,0.009216589862
instruments,NNS,0.0009162543522
insurance,NN,0.001413927183
insurance,NNP,0.0004709206499
insurer,NN,0.0001767408978
integra,NNP,0.0002354603249
integrated,JJ,0.0001895375284
integrated,VBN,0.001033057851
integration,NN,0.0003534817957
intel,NNP,0.0002354603249
intellectual,JJ,0.0003790750569
intellectual-property,JJ,0.0009476876422
intelligence,NN,0.0001767408978
intelogic,NNP,0.0005886508123
intend,VB,0.0004327131112
intend,VBP,0.0008183306056
intended,VBD,0.000370096225
intended,VBN,0.001549586777
intense,JJ,0.0009476876422
intensity,NN,0.0001767408978
intent,NN,0.0001767408978
intention,NN,0.0002651113468
interbank,NN,0.0002651113468
interest,NN,0.004506892895
interest-rate,NN,0.0002651113468
interested,JJ,0.0009476876422
interested,VBN,0.0005165289256
interesting,JJ,0.0009476876422
interests,NNS,0.001282756093
interference,NN,0.0001767408978
interim,JJ,0.0007581501137
intermediate,JJ,0.0001895375284
intermediate,NNP,0.0001177301625
internal,JJ,0.001137225171
internal,NNP,0.0001177301625
international,JJ,0.003222137983
international,NNP,0.003767365199
interpretation,NN,0.0003534817957
interpublic,NNP,0.0003531904874
interstate,JJ,0.001137225171
interview,NN,0.0007953340403
interviewed,VBN,0.001033057851
into,IN,0.009104192424
introduce,VB,0.003028991778
introduced,VBD,0.00222057735
introduced,VBN,0.001549586777
introducing,VBG,0.001529051988
introduction,NN,0.0006185931425
invariably,RB,0.0007742934572
invented,VBD,0.000370096225
invented,VBN,0.0005165289256
inventories,NNS,0.001099505223
invest,VBP,0.001636661211
invested,VBD,0.000370096225
invested,VBN,0.003099173554
investigating,VBG,0.002293577982
investigation,NN,0.0003534817957
investing,NN,8.837044892e-05
investing,VBG,0.001529051988
investment,NN,0.004418522446
investment,NNP,0.0009418412997
investment-grade,JJ,0.0009476876422
investments,NNPS,0.004608294931
investments,NNS,0.002565512186
investor,NN,0.003181336161
investor,NNP,0.0002354603249
investors,NNPS,0.01382488479
investors,NNS,0.0111783031
involve,VB,0.001298139334
involved,VBD,0.001110288675
involved,VBN,0.004132231405
involves,VBZ,0.001020929045
involving,VBG,0.005351681957
iowa,NNP,0.0009418412997
irs,NNP,0.001648222275
is,VBZ,0.3088310362
island,NNP,0.0002354603249
islands,NNPS,0.009216589862
israel,NNP,0.0002354603249
issue,NN,0.004595263344
issue,VB,0.002596278667
issued,VBD,0.00074019245
issued,VBN,0.004648760331
issues,NNPS,0.01382488479
issues,NNS,0.006230529595
it,PRP,0.3327102804
italian,JJ,0.0005686125853
italy,NNP,0.0003531904874
items,NNS,0.001099505223
itoh,NNP,0.0002354603249
its,PRP$,0.4259520451
itself,PRP,0.003738317757
j,NNP,0.001648222275
j.l,NNP,0.0002354603249
jack,NNP,0.0005886508123
jacob,NNP,0.0002354603249
jaguar,NNP,0.0004709206499
jail,NN,0.0002651113468
jamaica,NNP,0.0003531904874
james,NNP,0.002354603249
january,NNP,0.001177301625
japan,NNP,0.008712032023
japanese,JJ,0.01516300227
japanese,NN,0.0001767408978
japanese,NNP,0.0005886508123
japanese,NNS,0.0007330034818
jay,NNP,0.0002354603249
jeffrey,NNP,0.0002354603249
jennison,NNP,0.0002354603249
jenrette,NNP,0.0004709206499
jerritts,NNP,0.0002354603249
jerry,NNP,0.0003531904874
jersey,NNP,0.0004709206499
jeweler,NN,0.0001767408978
jim,NNP,0.0004709206499
job,NN,0.001502297632
jobs,NNP,0.0001177301625
jobs,NNS,0.001832508704
joe,NNP,0.0002354603249
john,NNP,0.003767365199
johnson,NNP,0.001648222275
join,VB,0.001730852445
joined,VBD,0.0014803849
joining,VBG,0.002293577982
joins,VBZ,0.001020929045
joint,JJ,0.001516300227
jointly,RB,0.0027100271
jones,NNP,0.002119142924
joseph,NNP,0.0003531904874
journal,NN,8.837044892e-05
journal,NNP,0.001177301625
jr,NNP,0.00141276195
judge,NN,0.0007069635914
judge,NNP,0.001765952437
judges,NNS,0.001466006964
judicial,JJ,0.0007581501137
judicial,NNP,0.0001177301625
july,NNP,0.0008241111373
jump,VB,0.0008654262224
jumped,VBD,0.0014803849
jumped,VBN,0.001549586777
june,NNP,0.001530492112
junk,NN,0.001148815836
junk,VB,0.0004327131112
junk-bond,JJ,0.0001895375284
junk-bond,NN,0.0001767408978
jury,NN,0.0001767408978
just,RB,0.01664730933
justice,JJ,0.0001895375284
justice,NN,0.0001767408978
justice,NNP,0.001295031787
justices,NNS,0.0005497526113
justify,VB,0.0008654262224
k,NNP,0.0004709206499
kalipharma,NNP,0.0002354603249
kaminski,NNP,0.0004709206499
kane,NNP,0.0002354603249
kangyo,NNP,0.0002354603249
kansas,NNP,0.0003531904874
katzenstein,NNP,0.0005886508123
kean,NNP,0.0002354603249
keep,VB,0.006057983557
keep,VBP,0.0008183306056
keeping,VBG,0.003822629969
keeps,VBZ,0.001020929045
kenneth,NNP,0.0002354603249
kent,NNP,0.0008241111373
kept,VBD,0.001110288675
kept,VBN,0.001549586777
key,JJ,0.001705837756
key,NN,0.0001767408978
key,NNP,0.0002354603249
kicked,VBD,0.000370096225
kicked,VBN,0.0005165289256
kicker,NN,0.0001767408978
kidder,NNP,0.0004709206499
kids,NNS,0.0009162543522
kill,VB,0.0004327131112
kill,VBP,0.0008183306056
killed,VBD,0.00074019245
killed,VBN,0.0005165289256
kind,JJ,0.0003790750569
kind,NN,0.001060445387
kinds,NNS,0.0003665017409
kingdom,NNP,0.0003531904874
klauser,NNP,0.0004709206499
kligman,NNP,0.0002354603249
knew,VBD,0.001110288675
knopf,NNP,0.0002354603249
know,VB,0.004327131112
know,VBP,0.004091653028
knowledge,NN,0.0003534817957
known,JJ,0.0001895375284
known,VBN,0.006198347107
knows,VBZ,0.002041858091
kodansha,NNP,0.0002354603249
koito,NNP,0.0003531904874
kong,NNP,0.0005886508123
korea,NNP,0.002001412762
l,NNP,0.0008241111373
la,DT,0.0001359249694
la,NNP,0.0009418412997
labeled,VBN,0.001033057851
labor,NN,0.0004418522446
labor,NNP,0.0002354603249
labor-management,JJ,0.0001895375284
labor-management,NN,0.0002651113468
laboratories,NNPS,0.009216589862
lack,NN,0.0005302226935
lack,VBP,0.001636661211
lady,NN,0.0001767408978
lake,NNP,0.0004709206499
lama,NNP,0.0005886508123
lambert,NNP,0.0004709206499
lancaster,NNP,0.0002354603249
land,NN,0.0002651113468
land,VB,0.0004327131112
landing,NN,0.0001767408978
landor,NNP,0.0002354603249
lane,NNP,0.001295031787
language,NN,0.0005302226935
large,JJ,0.004738438211
largely,RB,0.003871467286
larger,JJR,0.02023121387
largest,JJS,0.16875
larry,NNP,0.0003531904874
las,NNP,0.0003531904874
laser,NN,8.837044892e-05
laser,NNP,0.0001177301625
last,JJ,0.01705837756
last,NN,8.837044892e-05
last,RB,0.0003871467286
last,VB,0.0008654262224
late,JJ,0.002843062926
late,RB,0.001935733643
later,JJ,0.001895375284
later,RBR,0.016
latest,JJS,0.125
latour,NNP,0.0002354603249
laughing,JJ,0.0001895375284
laughing,VBG,0.001529051988
launch,NN,0.0002651113468
launch,VB,0.0008654262224
launched,VBD,0.001850481125
launched,VBN,0.003615702479
law,NN,0.003004595263
law,NNP,0.0002354603249
lawmakers,NNPS,0.004608294931
lawmakers,NNS,0.0007330034818
laws,NNS,0.001466006964
lawsuit,NN,0.0004418522446
lawsuits,NNS,0.0003665017409
lawyer,NN,0.0007069635914
lawyers,NNPS,0.004608294931
lawyers,NNS,0.002565512186
lcb,-LRB-,0.1203703704
lead,JJ,0.0001895375284
lead,NN,0.0005302226935
lead,VB,0.00346170489
lead,VBP,0.002454991817
leader,NN,0.0002651113468
leaders,NNS,0.001466006964
leadership,NN,0.0001767408978
leading,JJ,0.0001895375284
leading,VBG,0.008409785933
leap,NN,8.837044892e-05
leap,NNP,0.0003531904874
learned,VBD,0.001110288675
learned,VBN,0.0005165289256
learning,NN,8.837044892e-05
learning,NNP,0.001177301625
leases,NNS,0.0003665017409
least,JJS,0.11875
leave,VB,0.002596278667
leaves,VBZ,0.001531393568
leaving,VBG,0.003058103976
led,VBD,0.002590673575
led,VBN,0.004648760331
left,VBD,0.001110288675
left,VBN,0.003615702479
legal,JJ,0.001895375284
legal,NNP,0.0001177301625
legg,NNP,0.0002354603249
legislation,NN,0.001944149876
legislative,JJ,0.0009476876422
lehman,NNP,0.0005886508123
leinonen,NNP,0.0002354603249
leming,NNP,0.0002354603249
lending,VBG,0.001529051988
lens,NN,0.0003534817957
lent,VBD,0.000370096225
lent,VBN,0.0005165289256
leo,NNP,0.0002354603249
less,JJR,0.08092485549
less,RBR,0.088
lesson,NN,0.0003534817957
let,VB,0.002596278667
let,VBD,0.000370096225
let,VBP,0.0008183306056
letter,NN,0.0005302226935
letters,NNS,0.001649257834
letting,VBG,0.001529051988
level,JJ,0.0001895375284
level,NN,0.001502297632
levels,NNS,0.001649257834
leveraged,JJ,0.001137225171
lewis,NNP,0.0003531904874
li,NNP,0.0002354603249
liability,NN,0.0002651113468
liable,JJ,0.0005686125853
library,NN,0.0001767408978
license,NN,8.837044892e-05
license,VB,0.0004327131112
lieberman,NNP,0.0002354603249
life,NN,0.001148815836
life,NNP,0.0004709206499
lift,VB,0.001730852445
light,JJ,0.002274450341
light,NN,0.0003534817957
light-truck,JJ,0.0003790750569
lights,NNP,0.0002354603249
lights,NNS,0.0003665017409
like,IN,0.004945487243
like,VB,0.003028991778
like,VBP,0.003273322422
likely,JJ,0.00360121304
likely,RB,0.0003871467286
limit,NN,0.001502297632
limit,VB,0.001298139334
limited,JJ,0.0003790750569
limited,NNP,0.0002354603249
limited,VBD,0.000370096225
limited,VBN,0.002582644628
limited-partnership,NN,0.0001767408978
limiting,VBG,0.001529051988
limits,NNS,0.0007330034818
linda,NNP,0.0002354603249
linden,NNP,0.0002354603249
line,NN,0.001060445387
line-item,JJ,0.0003790750569
lines,NNP,0.0001177301625
lines,NNS,0.0007330034818
link,NN,8.837044892e-05
link,VB,0.0008654262224
linked,VBN,0.001033057851
links,NNS,0.0003665017409
liquidated,VBN,0.001033057851
liquidity,NN,0.0005302226935
list,NN,0.0008837044892
listed,VBN,0.004132231405
listing,NN,0.0002651113468
litigation,NN,0.0004418522446
little,JJ,0.002843062926
little,NNP,0.0002354603249
little,RB,0.003484320557
live,JJ,0.0001895375284
live,VB,0.0008654262224
live,VBP,0.001636661211
lives,NNS,0.0007330034818
lives,VBZ,0.001020929045
living,NN,8.837044892e-05
living,VBG,0.0007645259939
ll,MD,0.0084643289
load,NN,8.837044892e-05
load,VB,0.0008654262224
loan,NN,0.001237186285
loan,NNP,0.0005886508123
loans,NNS,0.001832508704
local,JJ,0.003980288097
local,NNP,0.0001177301625
located,VBN,0.001549586777
lock,VB,0.0004327131112
lock,VBP,0.0008183306056
logic,NN,0.0001767408978
logic,NNP,0.0001177301625
london,NNP,0.003178714387
london-based,JJ,0.0007581501137
long,JJ,0.003032600455
long,NNP,0.0001177301625
long,RB,0.004258614015
long-term,JJ,0.002274450341
longer,JJR,0.01445086705
longer,RB,0.0003871467286
longer,RBR,0.032
longer-term,JJ,0.0005686125853
look,NN,0.0004418522446
look,VB,0.001730852445
look,VBP,0.004091653028
looking,VBG,0.006880733945
looming,VBG,0.002293577982
loops,NNS,0.0003665017409
lord,NNP,0.0002354603249
lorillard,NN,8.837044892e-05
lorillard,NNP,0.0004709206499
los,NNP,0.001295031787
lose,VB,0.0008654262224
losing,VBG,0.006116207951
loss,NN,0.002562743019
losses,NNS,0.001649257834
lost,VBD,0.00370096225
lost,VBN,0.001549586777
lot,NN,0.0009720749381
lottery,NN,0.0001767408978
louis,NNP,0.0007063809748
louisville,NNP,0.0002354603249
loved,VBD,0.00074019245
low,JJ,0.003222137983
low,NN,8.837044892e-05
low,RB,0.0003871467286
low-ability,JJ,0.0005686125853
lower,JJR,0.0838150289
lower,RBR,0.008
lowered,VBD,0.00074019245
lowered,VBN,0.001033057851
lowering,VBG,0.001529051988
lowest,JJS,0.025
loyalty,NN,0.0002651113468
lrb,-LRB-,0.8796296296
ltd,NNP,0.002590063574
lucrative,JJ,0.0005686125853
lufkin,NNP,0.0004709206499
lung,NN,0.0001767408978
lure,NN,8.837044892e-05
lure,VB,0.0008654262224
lure,VBP,0.0008183306056
luxury,NN,0.0001767408978
lying,VBG,0.003822629969
lynch,NNP,0.0005886508123
m,NNP,0.001059571462
m,VBP,0.01063829787
m.d,NNP,0.0003531904874
macdonald,NNP,0.0002354603249
machine,NN,0.0006185931425
machinery,NN,0.0001767408978
machines,NNP,0.0001177301625
machines,NNPS,0.01382488479
machines,NNS,0.0003665017409
macmillan,NNP,0.0002354603249
macmillan\/mcgraw,NN,8.837044892e-05
macmillan\/mcgraw,NNP,0.0004709206499
macmillan\/mcgraw-hill,NNP,0.0003531904874
made,VBD,0.00814211695
made,VBN,0.01601239669
madison,NNP,0.0005886508123
mae,NNP,0.0007063809748
magazine,NN,0.002032520325
magna,NNP,0.0009418412997
magnetic,JJ,0.0005686125853
magnitude,NN,0.0003534817957
mahoney,NNP,0.0002354603249
mailing,NN,8.837044892e-05
mailing,VBG,0.0007645259939
main,JJ,0.001516300227
mainly,RB,0.001935733643
maintain,VB,0.0008654262224
maintained,VBD,0.00074019245
maintained,VBN,0.001033057851
maintaining,VBG,0.002293577982
maintenance,NN,0.0002651113468
major,JJ,0.00720242608
major,NNP,0.0002354603249
majority,NN,0.0005302226935
majority,NNP,0.0001177301625
make,VB,0.02596278667
make,VBP,0.008183306056
maker,NN,0.002297631672
makers,NNS,0.002015759575
makes,VBZ,0.005104645227
making,VBG,0.01529051988
malaysia,NNP,0.0007063809748
malcolm,NNP,0.0002354603249
male,JJ,0.0003790750569
male,NN,0.0001767408978
man,NN,0.001060445387
man,NNP,0.0002354603249
managed,VBD,0.000370096225
managed,VBN,0.002582644628
management,NN,0.001767408978
management,NNP,0.001177301625
manager,NN,0.002386002121
managers,NNS,0.007146783947
managing,VBG,0.004587155963
manhattan,NNP,0.0004709206499
manner,NN,0.0001767408978
manually,RB,0.0007742934572
manufacture,VB,0.0008654262224
manufactured,VBN,0.001033057851
manufacturer,NN,0.0003534817957
manufacturers,NNP,0.0001177301625
manufacturers,NNPS,0.004608294931
manufacturers,NNS,0.001282756093
manufacturing,NN,0.001060445387
manufacturing,NNP,0.0002354603249
manufacturing,VBG,0.005351681957
many,JJ,0.01648976497
march,NN,0.0003534817957
march,NNP,0.001883682599
marchand,NNP,0.0002354603249
margin,NN,0.0005302226935
marginally,RB,0.0007742934572
margins,NNS,0.001099505223
marie-louise,NNP,0.0003531904874
marine,NNP,0.0003531904874
mark,NN,0.0007069635914
mark,NNP,0.0004709206499
mark,VBP,0.0008183306056
market,NN,0.01466949452
market,NNP,0.0009418412997
market-makers,NNS,0.0003665017409
market-share,JJ,0.0005686125853
marketed,VBD,0.000370096225
marketed,VBN,0.001549586777
marketer,NN,0.0001767408978
marketing,NN,0.001148815836
marketing,VBG,0.002293577982
marketplace,NN,0.0004418522446
markets,NNPS,0.01382488479
markets,NNS,0.008796041781
markets,VBZ,0.0005104645227
markey,NNP,0.0007063809748
marks,NNS,0.0009162543522
marks,VBZ,0.001020929045
marriages,NNS,0.0003665017409
marshall,NNP,0.0007063809748
martin,NNP,0.001177301625
marty,NNP,0.0002354603249
marvin,NNP,0.0002354603249
mary,NNP,0.001295031787
maryland,NNP,0.0002354603249
mason,NNP,0.0008241111373
mass,NNP,0.001059571462
massachusetts,NNP,0.0008241111373
master,NN,0.0002651113468
match,NN,8.837044892e-05
match,VB,0.0008654262224
matched,VBD,0.001110288675
matched,VBN,0.001033057851
material,NN,0.0008837044892
materialistic,JJ,0.0003790750569
materials,NNPS,0.04608294931
materials,NNS,0.002748763057
mathematics,NN,0.0002651113468
matter,NN,0.001060445387
matter,VB,0.0004327131112
matters,NNS,0.0003665017409
matters,VBZ,0.0005104645227
mature,JJ,0.0001895375284
mature,VB,0.001730852445
mature,VBP,0.002454991817
maturities,NNS,0.0005497526113
maturity,NN,0.0002651113468
maughan,NNP,0.0002354603249
maximize,VB,0.0008654262224
maxwell,NNP,0.0004709206499
may,MD,0.07376058041
may,NNP,0.00141276195
maybe,RB,0.001161440186
mayor,NN,0.0004418522446
mayor,NNP,0.0002354603249
mazda,NNP,0.0002354603249
mcalpine,NNP,0.0009418412997
mccormick,NNP,0.0003531904874
mcfall,NNP,0.0002354603249
mcgovern,NNP,0.001295031787
mcgraw-hill,NNP,0.0007063809748
mcguigan,NNP,0.0002354603249
mcmillin,NNP,0.0003531904874
me,PRP,0.005607476636
meal,NN,0.0001767408978
mean,JJ,0.0001895375284
mean,VB,0.001298139334
mean,VBP,0.0008183306056
meaning,NN,8.837044892e-05
meaning,VBG,0.0007645259939
meaningful,JJ,0.0003790750569
means,NNS,0.0001832508704
means,VBZ,0.002041858091
meant,VBD,0.00074019245
meant,VBN,0.0005165289256
meanwhile,RB,0.005032907472
measure,NN,0.0007069635914
measure,VB,0.0004327131112
measured,VBN,0.001033057851
measures,NNS,0.0007330034818
measures,VBZ,0.001020929045
mechanical,JJ,0.0007581501137
mechanism,NN,0.0002651113468
media,NN,8.837044892e-05
media,NNP,0.0005886508123
media,NNS,0.0009162543522
medical,JJ,0.001516300227
medical,NNP,0.0003531904874
medicine,NN,0.0002651113468
medicine,NNP,0.0007063809748
medium-sized,JJ,0.0005686125853
meet,VB,0.00346170489
meet,VBP,0.002454991817
meeting,NN,0.001413927183
meetings,NNS,0.0009162543522
mehrens,NNP,0.0002354603249
mehta,NNP,0.0002354603249
member,NN,0.0009720749381
members,NNS,0.004398020891
membership,NN,0.0004418522446
memories,NNS,0.0003665017409
memory,NN,0.0003534817957
men,NNS,0.001832508704
mental,JJ,0.001326762699
mentally,RB,0.0007742934572
mention,VB,0.0008654262224
mention,VBP,0.0008183306056
merc,NNP,0.0007063809748
mercantile,NNP,0.0005886508123
merchandise,NN,0.0001767408978
merchant,NN,0.0006185931425
merchants,NNS,0.0005497526113
mercury,NNP,0.0002354603249
mere,JJ,0.0003790750569
merely,RB,0.001548586914
merge,VB,0.0008654262224
merged,VBD,0.000370096225
merged,VBN,0.0005165289256
merger,NN,0.0005302226935
mergers,NNPS,0.004608294931
mergers,NNS,0.0005497526113
meridian,NNP,0.0008241111373
merrill,NNP,0.0005886508123
mesnil,NNP,0.0002354603249
message,NN,0.0003534817957
messrs,NNP,0.0001177301625
messrs,NNPS,0.009216589862
met,VBD,0.001110288675
met,VBN,0.001549586777
metals,NNS,0.0003665017409
metric,JJ,0.0005686125853
metropolitan,JJ,0.0001895375284
metropolitan,NNP,0.0001177301625
mexico,NNP,0.0005886508123
miami,NNP,0.0009418412997
mich,NNP,0.0005886508123
michael,NNP,0.002001412762
michelin,NNP,0.0005886508123
michigan,NNP,0.0002354603249
microphone,NN,0.0001767408978
middle,JJ,0.0001895375284
middle,NN,0.0001767408978
midnight,NN,0.0001767408978
midsized,JJ,0.0001895375284
midsized,VBN,0.0005165289256
midwest,NN,8.837044892e-05
midwest,NNP,0.0004709206499
midwestern,JJ,0.0003790750569
midwestern,NNP,0.0001177301625
might,MD,0.03869407497
miles,NNP,0.0001177301625
miles,NNS,0.0007330034818
military,JJ,0.0009476876422
milk,NN,0.0003534817957
miller,NNP,0.0002354603249
million,CD,0.1040480708
millions,NNS,0.0009162543522
mind,NN,8.837044892e-05
mind,VB,0.0004327131112
mine,JJ,0.0001895375284
mine,NN,8.837044892e-05
minimum,JJ,0.001705837756
minimum,NN,0.0002651113468
mining,NN,8.837044892e-05
mining,NNP,0.0003531904874
minister,NN,0.0002651113468
minister,NNP,0.0004709206499
ministry,NN,8.837044892e-05
ministry,NNP,0.001177301625
minivans,NNS,0.0009162543522
minneapolis,NNP,0.0005886508123
minnesota,NNP,0.0002354603249
minority,NN,0.0003534817957
minus,CC,0.0005073566717
minus,NN,8.837044892e-05
minute,JJ,0.0001895375284
minute,NN,0.0001767408978
minutes,NNS,0.0007330034818
mired,VBN,0.001033057851
mirror,NN,8.837044892e-05
mirror,VBP,0.0008183306056
misdemeanor,NN,0.0001767408978
miss,NNP,0.0002354603249
mistake,NN,0.0001767408978
miti,NNP,0.0002354603249
mitsubishi,NNP,0.001648222275
mitsubishi,NNS,0.0001832508704
mitsui,NNP,0.001059571462
mixed,VBD,0.000370096225
mixed,VBN,0.003615702479
mo,NNP,0.0002354603249
mobile,JJ,0.0003790750569
model,NN,0.0005302226935
models,NNS,0.0007330034818
moderate,JJ,0.0009476876422
moderated,VBN,0.001033057851
moderately,RB,0.0007742934572
modern,JJ,0.0003790750569
modest,JJ,0.0005686125853
modestly,RB,0.001935733643
modify,VB,0.0008654262224
moines,NNP,0.0003531904874
moleculon,NNP,0.0003531904874
moment,NN,0.0002651113468
monday,NNP,0.001059571462
monetary,NNP,0.0002354603249
money,NN,0.004860374691
money,NNP,0.0004709206499
money-market,JJ,0.0005686125853
monitor,NN,8.837044892e-05
monitor,NNP,0.0001177301625
montedison,NN,8.837044892e-05
montedison,NNP,0.0002354603249
month,NN,0.00326970661
monthly,JJ,0.001326762699
monthly,RB,0.0003871467286
months,NNS,0.009895547004
moody,NNP,0.001883682599
moore,NNP,0.0003531904874
moratorium,NN,0.0001767408978
more,JJ,0.0001895375284
more,JJR,0.2947976879
more,RBR,0.656
moreover,JJR,0.00289017341
moreover,RB,0.002322880372
morgan,NNP,0.0008241111373
morita,NNP,0.0002354603249
morning,NN,0.0003534817957
mortgage,NN,0.0005302226935
mortgage,NNP,0.0004709206499
mortgage-backed,JJ,0.0005686125853
mortgage-backed,NNP,0.0001177301625
mortgages,NNS,0.0009162543522
moscow,NNP,0.0007063809748
mossman,NNP,0.0002354603249
most,JJS,0.2625
most,RBS,1
mostly,RB,0.003097173829
mother,NN,0.0002651113468
motion,NN,0.0002651113468
motive,NN,0.0003534817957
motor,NN,0.0001767408978
motor,NNP,0.0008241111373
motors,NNPS,0.02304147465
motors,NNS,0.0001832508704
mount,NNP,0.0001177301625
mount,VB,0.0004327131112
mounted,VBD,0.000370096225
mounted,VBN,0.0005165289256
move,NN,0.0009720749381
move,VB,0.003028991778
moved,VBD,0.00074019245
moved,VBN,0.001033057851
movement,NN,0.0001767408978
movements,NNS,0.0003665017409
moves,NNS,0.0007330034818
moves,VBZ,0.0005104645227
movie,NN,0.0006185931425
moving,VBG,0.003058103976
mr,NNP,0.04120555686
mrs,NNP,0.006946079586
ms,NNP,0.001648222275
much,JJ,0.004548900682
much,RB,0.01200154859
multi-crystal,JJ,0.0005686125853
municipal,JJ,0.0005686125853
municipal,NNP,0.0002354603249
municipalities,NNS,0.0007330034818
murakami,NNP,0.0002354603249
murder,NN,0.0001767408978
murdered,VBN,0.001033057851
murray,NNP,0.0007063809748
museum,NN,0.0001767408978
music,NN,0.0001767408978
must,MD,0.02176541717
mutual,JJ,0.001516300227
muzzling,JJ,0.0003790750569
my,PRP$,0.02820874471
n't,RB,0.116918312
n.c,NNP,0.0005886508123
n.j,NNP,0.00141276195
n.m,NNP,0.0002354603249
n.v,NN,8.837044892e-05
n.v,NNP,0.0003531904874
n.y,NNP,0.0009418412997
nagano,NNP,0.0002354603249
nagymaros,NNP,0.0002354603249
name,NN,0.0005302226935
name,VB,0.0004327131112
named,VBD,0.00074019245
named,VBN,0.00826446281
namely,RB,0.0007742934572
nameplate,NN,0.0001767408978
names,NNS,0.0005497526113
nancy,NNP,0.0002354603249
nasd,NNP,0.0008241111373
nasdaq,NNP,0.0007063809748
nation,NN,0.001944149876
national,JJ,0.001895375284
national,NNP,0.002354603249
nations,NNPS,0.009216589862
nations,NNS,0.002565512186
nationwide,JJ,0.0001895375284
nationwide,NNP,0.0001177301625
natural,JJ,0.0003790750569
natural,NNP,0.0001177301625
nature,NN,0.0002651113468
nature,NNP,0.0001177301625
nbc,NNP,0.0002354603249
nbi,NNP,0.0005886508123
neal,NNP,0.0002354603249
near,IN,0.0008991794987
near,JJ,0.0001895375284
nearby,JJ,0.0003790750569
nearby,RB,0.0003871467286
nearly,RB,0.006194347658
nebraska,NNP,0.0002354603249
nec,NNP,0.0008241111373
necessarily,RB,0.0007742934572
necessary,JJ,0.001516300227
need,NN,0.0003534817957
need,VB,0.0004327131112
need,VBP,0.01063829787
needed,JJ,0.0001895375284
needed,VBD,0.001850481125
needed,VBN,0.004648760331
needham,NNP,0.0002354603249
needs,NNS,0.0003665017409
needs,VBZ,0.002041858091
negative,JJ,0.001705837756
negotiable,JJ,0.0003790750569
negotiate,VB,0.001298139334
negotiated,VBD,0.000370096225
negotiated,VBN,0.0005165289256
negotiations,NNS,0.0005497526113
negotiators,NNS,0.0003665017409
neighborhood,NN,0.0001767408978
neighborhoods,NNS,0.0003665017409
neil,NNP,0.0002354603249
neither,DT,0.001631099633
nekoosa,NNP,0.001059571462
nelson,NNP,0.0002354603249
nemeth,NNP,0.0002354603249
nervous,JJ,0.0003790750569
net,JJ,0.00720242608
net,NN,0.001060445387
netherlands,NNP,0.0001177301625
netherlands,NNPS,0.004608294931
network,NN,0.0005302226935
neuberger,NNP,0.0002354603249
nev,NNP,0.0003531904874
never,RB,0.007742934572
never,RBR,0.008
nevertheless,RB,0.0007742934572
new,JJ,0.02843062926
new,NNP,0.01730633388
new-home,JJ,0.0003790750569
newgate,NNP,0.0002354603249
newhouse,NNP,0.0009418412997
newly,RB,0.001161440186
news,NN,0.001944149876
news,NNP,0.0007063809748
newspaper,NN,0.001148815836
newspapers,NNP,0.0001177301625
newspapers,NNS,0.0007330034818
newsroom,NN,0.0001767408978
newsweek,NNP,0.001177301625
next,IN,0.0008991794987
next,JJ,0.009855951478
nice,JJ,0.0005686125853
nickel,NN,0.0001767408978
night,NN,0.0007069635914
nih,NNP,0.0004709206499
nikkei,NNP,0.0002354603249
nine,CD,0.003162555345
nine-member,JJ,0.0003790750569
nippon,NNP,0.0002354603249
nipponese,JJ,0.0003790750569
nissan,NNP,0.0004709206499
nixon,NNP,0.002001412762
nl,NNP,0.001648222275
no,DT,0.01141769743
no,NN,0.0003534817957
no,RB,0.004258614015
no,UH,0.3333333333
noble,JJ,0.0001895375284
noble,NNP,0.0001177301625
nobody,NN,0.0001767408978
nominate,VB,0.0008654262224
nominated,VBD,0.000370096225
nominated,VBN,0.0005165289256
nomination,NN,0.0001767408978
non-callable,JJ,0.0003790750569
none,NN,0.0005302226935
none,NNP,0.0001177301625
nonetheless,RB,0.0007742934572
nonexecutive,JJ,0.0009476876422
nonprofit,JJ,0.0003790750569
nor,CC,0.006088280061
normal,JJ,0.0005686125853
normally,RB,0.001548586914
norman,NNP,0.0002354603249
north,JJ,0.0001895375284
north,NNP,0.0002354603249
northeast,NN,8.837044892e-05
northeast,NNP,0.0008241111373
northern,JJ,0.0001895375284
northern,NNP,0.0004709206499
nose,NN,0.0002651113468
not,RB,0.05149051491
notably,RB,0.001161440186
note,NN,0.0004418522446
note,VB,0.0004327131112
note,VBP,0.001636661211
noted,VBD,0.007031828275
noted,VBN,0.001549586777
notes,NNPS,0.004608294931
notes,NNS,0.005131024372
notes,VBZ,0.001531393568
nothing,NN,0.0007069635914
noting,VBG,0.001529051988
notion,NN,0.0001767408978
nov,NN,8.837044892e-05
nov,NNP,0.002707793737
novel,NN,0.0003534817957
novello,NNP,0.0002354603249
november,NNP,0.0009418412997
now,RB,0.02593883082
nowhere,RB,0.0007742934572
ntg,NNP,0.0002354603249
nuclear,JJ,0.0009476876422
number,NN,0.003711558855
numbers,NNS,0.0009162543522
numerous,JJ,0.0009476876422
o'brien,NNP,0.0002354603249
o'connor,NNP,0.0002354603249
objective,NN,0.0003534817957
objectives,NNS,0.0003665017409
obligation,NN,0.0002651113468
obligations,NNS,0.0003665017409
observed,VBD,0.000370096225
observed,VBN,0.0005165289256
observers,NNS,0.0007330034818
obstacles,NNS,0.0003665017409
obtain,VB,0.001298139334
obtained,VBD,0.000370096225
obtained,VBN,0.001033057851
obviously,RB,0.0007742934572
occupational,NNP,0.0002354603249
occur,VB,0.002163565556
occur,VBP,0.0008183306056
occurred,VBD,0.001110288675
occurs,VBZ,0.001020929045
oct,NNP,0.002943254062
october,NNP,0.006475158936
odd,JJ,0.0005686125853
odd-year,JJ,0.0003790750569
of,IN,0.2345734517
off,IN,0.001011576936
off,JJ,0.0003790750569
off,RB,0.001161440186
off,RP,0.1134020619
offender,NN,0.0001767408978
offenders,NNS,0.0005497526113
offer,NN,0.003092965712
offer,VB,0.002163565556
offer,VBP,0.002454991817
offered,VBD,0.0059215396
offered,VBN,0.004132231405
offering,NN,0.001237186285
offering,VBG,0.006880733945
offers,NNS,0.0005497526113
offers,VBZ,0.002552322614
office,NN,0.002032520325
office,NNP,0.0001177301625
officer,NN,0.002297631672
officers,NNS,0.0003665017409
offices,NNS,0.0007330034818
official,JJ,0.0005686125853
official,NN,0.001325556734
officially,RB,0.0027100271
officials,NNS,0.007696536559
offset,VB,0.001298139334
offset,VBN,0.002582644628
offsetting,VBG,0.001529051988
often,RB,0.009291521487
ohio,NNP,0.0009418412997
ohio-based,JJ,0.0003790750569
oil,NN,0.001060445387
oil,NNP,0.0002354603249
oklahoma,NNP,0.0002354603249
old,JJ,0.004169825625
old,NNP,0.0009418412997
older,JJR,0.008670520231
oldest,JJS,0.0125
oliver,NNP,0.0002354603249
olympic,NNP,0.0003531904874
on,IN,0.05091603911
on,NNP,0.0001177301625
on,RB,0.0003871467286
on,RP,0.03092783505
once,IN,0.0002247948747
once,RB,0.005420054201
one,CD,0.04079696395
one,NN,0.0009720749381
one,PRP,0.001246105919
one-day,JJ,0.0003790750569
one-hour,JJ,0.0005686125853
one-month,JJ,0.0003790750569
one-third,JJ,0.0001895375284
one-third,NN,0.0001767408978
one-time,JJ,0.001895375284
one-year,JJ,0.001137225171
ones,NNS,0.001282756093
only,JJ,0.001895375284
only,RB,0.02555168409
open,JJ,0.001137225171
open,NNP,0.0001177301625
open,VB,0.0004327131112
opened,VBD,0.001850481125
opened,VBN,0.002066115702
opening,NN,8.837044892e-05
opening,VBG,0.003058103976
openings,NNS,0.0003665017409
openly,RB,0.0007742934572
operate,VB,0.0008654262224
operate,VBP,0.001636661211
operated,VBN,0.001033057851
operates,VBZ,0.003573251659
operating,NN,0.0008837044892
operating,VBG,0.004587155963
operation,NN,0.0001767408978
operations,NNP,0.0001177301625
operations,NNPS,0.004608294931
operations,NNS,0.00421477002
operator,NN,0.0004418522446
opinion,NN,0.0005302226935
opinion,NNP,0.0001177301625
opponents,NNS,0.0003665017409
opportunities,NNS,0.0003665017409
opportunity,NN,0.0007069635914
oppose,VB,0.0004327131112
oppose,VBP,0.002454991817
opposed,VBD,0.00074019245
opposed,VBN,0.003099173554
opposition,NN,0.0001767408978
optical,NNP,0.0002354603249
optimism,NN,0.0002651113468
option,NN,0.0004418522446
options,NNPS,0.009216589862
options,NNS,0.002199010445
or,CC,0.1339421613
orange,JJ,0.0001895375284
orange,NNP,0.0004709206499
order,NN,0.001413927183
order,NNP,0.0001177301625
ordered,VBD,0.0014803849
ordered,VBN,0.004648760331
orders,NNS,0.004581271761
orders,VBZ,0.0005104645227
ore,NNP,0.0002354603249
organization,NN,0.0008837044892
organization,NNP,0.0003531904874
organizations,NNP,0.0001177301625
organizations,NNS,0.0005497526113
organized,JJ,0.0001895375284
organized,VBN,0.0005165289256
oriented,VBN,0.001033057851
original,JJ,0.0007581501137
originally,RB,0.001161440186
orleans,NNP,0.0007063809748
osha,NNP,0.001177301625
oshkosh,NNP,0.0003531904874
otc,NNP,0.0003531904874
otero,NNP,0.0003531904874
other,JJ,0.02407126611
others,NNS,0.002565512186
ought,MD,0.003627569528
ounce,NN,0.0001767408978
our,PRP$,0.03526093089
out,IN,0.002697538496
out,RB,0.001161440186
out,RP,0.2268041237
outlets,NNS,0.0003665017409
outlook,NN,0.0001767408978
outright,JJ,0.0003790750569
outside,IN,0.0004495897494
outside,JJ,0.001137225171
outside,NN,8.837044892e-05
outstanding,JJ,0.003222137983
over,IN,0.007643025739
over,JJ,0.0001895375284
over,RB,0.0007742934572
over,RP,0.03092783505
over-the-counter,JJ,0.0009476876422
overall,JJ,0.001516300227
overcome,VB,0.0004327131112
overcome,VBN,0.0005165289256
overhead,JJ,0.0003790750569
overhead,NN,8.837044892e-05
overseas,JJ,0.0009476876422
overseas,NNP,0.0001177301625
overseas,RB,0.001161440186
owed,VBD,0.00074019245
owed,VBN,0.0005165289256
own,JJ,0.00720242608
own,VB,0.002596278667
own,VBN,0.0005165289256
own,VBP,0.001636661211
owned,VBN,0.003099173554
owner,NN,0.0003534817957
owner,NNP,0.0001177301625
owners,NNS,0.0007330034818
ownership,NN,0.0002651113468
owns,VBZ,0.009188361409
oxnard,NNP,0.0004709206499
p,NNP,0.0005886508123
p.m,NN,8.837044892e-05
p.m,RB,0.0007742934572
pa,NNP,0.0008241111373
pace,NN,0.0004418522446
pace,NNP,0.0001177301625
pacific,NNP,0.0009418412997
package,NN,0.001060445387
packages,NNS,0.001466006964
packaging,NN,0.0004418522446
packaging,VBG,0.0007645259939
page,NN,0.0004418522446
page-one,JJ,0.0001895375284
page-one,NN,8.837044892e-05
pages,NNS,0.001282756093
paid,VBD,0.001850481125
paid,VBN,0.007747933884
painewebber,NNP,0.0005886508123
palestinian,JJ,0.0001895375284
palestinian,NNP,0.0001177301625
paltry,JJ,0.0003790750569
pamela,NNP,0.0002354603249
pamplin,NNP,0.0002354603249
panama,NNP,0.0003531904874
panel,NN,0.0004418522446
panic,NN,0.0001767408978
panic,VB,0.0004327131112
paper,NN,0.002562743019
paper,NNP,0.0003531904874
papers,NNS,0.0003665017409
papua-new,NNP,0.0002354603249
par,NN,0.0007069635914
parallel,JJ,0.0001895375284
parallel,VB,0.0004327131112
parallels,NNS,0.0003665017409
parallels,VBZ,0.0005104645227
parent,NN,0.0008837044892
parent,NNP,0.0002354603249
parents,NNP,0.0001177301625
parents,NNS,0.0009162543522
park,NN,0.0003534817957
park,NNP,0.0004709206499
parking,NN,0.0001767408978
parkinson,NNP,0.0001177301625
parkinson,NNPS,0.004608294931
parliament,NN,0.0002651113468
parliament,NNP,0.0003531904874
part,NN,0.00326970661
partially,RB,0.0007742934572
participants,NNS,0.0007330034818
particular,JJ,0.001137225171
particularly,RB,0.006194347658
parties,NNS,0.001099505223
partisans,NNS,0.0003665017409
partly,RB,0.004258614015
partner,NN,0.0005302226935
partners,NNP,0.0003531904874
partners,NNPS,0.01382488479
partners,NNS,0.0009162543522
partnership,NN,0.0004418522446
partnership,NNP,0.0002354603249
parts,NNS,0.001099505223
party,NN,0.0003534817957
pass,VB,0.001730852445
passage,NN,0.0002651113468
passed,VBD,0.0014803849
passed,VBN,0.001033057851
passenger,NN,0.0002651113468
passing,VBG,0.001529051988
passion,NN,0.0001767408978
past,JJ,0.003411675512
past,NN,0.0007069635914
pat,NNP,0.0002354603249
patent,NN,0.0004418522446
patents,NNP,0.0002354603249
patents,NNS,0.0005497526113
patients,NNS,0.0005497526113
patrick,NNP,0.0002354603249
pattern,NN,0.0002651113468
patterns,NNS,0.0005497526113
paul,NNP,0.0005886508123
pay,NN,0.0006185931425
pay,VB,0.011683254
pay,VBP,0.004091653028
paying,VBG,0.00993883792
payment,NN,0.0007953340403
payments,NNS,0.003115264798
payouts,NNS,0.0007330034818
payrolls,NNS,0.0003665017409
pc,NN,0.0002651113468
pcs,NNS,0.001099505223
peabody,NNP,0.0003531904874
peak,NN,0.0001767408978
peaks,NNS,0.0003665017409
peal,NN,0.0001767408978
peals,NNS,0.0003665017409
pegged,VBN,0.001033057851
penalties,NNS,0.0007330034818
penalty,NN,0.0001767408978
pence,NN,0.001148815836
pending,VBG,0.003822629969
pennsylvania,NNP,0.0007063809748
pension,NN,0.0004418522446
people,NNP,0.0001177301625
people,NNS,0.01026204874
pepperidge,NNP,0.0002354603249
per,IN,0.000674384624
perceived,VBN,0.001033057851
percentage,NN,0.0009720749381
perception,NN,0.0001767408978
perfectly,RB,0.0007742934572
perform,VB,0.0008654262224
performance,NN,0.001590668081
performed,VBN,0.001549586777
performing,VBG,0.002293577982
perhaps,RB,0.004258614015
period,NN,0.001855779427
periods,NNS,0.0005497526113
peripheral,JJ,0.0005686125853
permanent,JJ,0.0003790750569
permission,NN,0.0002651113468
permit,VB,0.0008654262224
permit,VBP,0.0008183306056
permitted,VBN,0.001549586777
perpetual,JJ,0.0003790750569
perritt,NNP,0.0002354603249
persistent,JJ,0.0005686125853
person,NN,0.0009720749381
personal,JJ,0.00246398787
persons,NNS,0.0007330034818
perspective,NN,8.837044892e-05
perspective,NNP,0.0001177301625
persuade,VB,0.0008654262224
peter,NNP,0.0009418412997
petersen,NNP,0.0002354603249
petition,NN,0.0001767408978
petroleum,NN,8.837044892e-05
petroleum,NNP,0.0004709206499
petrus,NNP,0.0004709206499
pharmaceutical,JJ,0.0007581501137
pharmaceuticals,NNS,0.0005497526113
phasing,VBG,0.001529051988
phelan,NNP,0.001648222275
philadelphia,NNP,0.0009418412997
philippine,JJ,0.0001895375284
philippine,NNP,0.0001177301625
philippines,NNP,0.0003531904874
philippines,NNPS,0.01382488479
phillips,NNP,0.0002354603249
phone,NN,0.0001767408978
photograph,NN,0.0001767408978
photograph,NNP,0.0001177301625
photographs,NNS,0.0003665017409
phrase,NN,0.0001767408978
physical,JJ,0.0003790750569
physicist,NN,0.0001767408978
physics,NN,0.0001767408978
pick,VB,0.001298139334
pickens,NNP,0.0004709206499
pickers,NNS,0.0007330034818
picket,NN,0.0001767408978
picture,NN,0.0004418522446
pictures,NNP,0.0003531904874
pictures,NNS,0.0001832508704
piece,NN,0.0001767408978
pieces,NNS,0.0003665017409
pill,NN,0.0002651113468
pinocchio,NNP,0.0003531904874
pins,NNS,0.0001832508704
pins,VBZ,0.0005104645227
pioneer,NN,0.0001767408978
pit,NN,0.0001767408978
pittsburgh,NNP,0.0003531904874
place,NN,0.001148815836
place,NNP,0.0001177301625
place,VB,0.0004327131112
place,VBP,0.0008183306056
placed,VBD,0.00074019245
placed,VBN,0.002582644628
placement,NN,0.0001767408978
places,NNS,0.0007330034818
places,VBZ,0.0005104645227
placing,VBG,0.001529051988
plains,NNP,0.0001177301625
plains,NNPS,0.004608294931
plaintiffs,NNS,0.0007330034818
plan,NN,0.002739483917
plan,NNP,0.0002354603249
plan,VB,0.0004327131112
plan,VBP,0.0008183306056
planned,JJ,0.0001895375284
planned,VBD,0.001850481125
planned,VBN,0.003099173554
planners,NNS,0.0003665017409
plans,NNS,0.002382261316
plans,VBZ,0.006636038795
plant,NN,0.001502297632
plants,NNS,0.001649257834
plastic,JJ,0.0003790750569
plastic,NN,8.837044892e-05
plate,NN,0.0001767408978
platt,NNP,0.0002354603249
play,NN,8.837044892e-05
play,VB,0.001298139334
play,VBP,0.0008183306056
played,VBN,0.001549586777
players,NNS,0.0009162543522
playing,NN,0.0001767408978
playing,VBG,0.003822629969
plays,VBZ,0.001020929045
plc,NNP,0.001530492112
pleaded,VBD,0.00074019245
pleased,VBN,0.001549586777
plenty,JJ,0.0001895375284
plenty,NN,8.837044892e-05
plight,NN,0.0002651113468
plunge,NN,0.0004418522446
plunged,VBD,0.0014803849
plunged,VBN,0.0005165289256
plunging,VBG,0.001529051988
plus,CC,0.001522070015
plus,NN,8.837044892e-05
plus,RB,0.0003871467286
point,NN,0.002297631672
point,VB,0.0004327131112
point,VBP,0.001636661211
pointed,VBD,0.00074019245
pointed,VBN,0.0005165289256
pointing,VBG,0.001529051988
points,NNS,0.005497526113
poison,NN,0.0001767408978
poland,NNP,0.001059571462
police,NN,0.0001767408978
police,NNS,0.0005497526113
policies,NNS,0.0005497526113
policy,NN,0.001325556734
polish,JJ,0.0003790750569
polish,VB,0.0004327131112
political,JJ,0.003032600455
politicians,NNS,0.0009162543522
politics,NNS,0.0007330034818
polled,VBD,0.000370096225
polled,VBN,0.0005165289256
polls,NNS,0.0003665017409
poor,JJ,0.0009476876422
poor,NN,8.837044892e-05
poor,NNP,0.001177301625
poore,NNP,0.0004709206499
poorly,RB,0.001548586914
pop,NNP,0.001059571462
popular,JJ,0.001137225171
population,NN,0.0003534817957
population,NNP,0.0001177301625
porter,NNP,0.0004709206499
portfolio,NN,0.0005302226935
portfolios,NNS,0.0009162543522
portion,NN,0.0003534817957
pose,VB,0.0008654262224
position,NN,0.0009720749381
position,VB,0.0004327131112
positioned,VBN,0.001033057851
positions,NNS,0.0009162543522
positive,JJ,0.001137225171
possibility,NN,0.0002651113468
possible,JJ,0.004548900682
possibly,RB,0.002322880372
post,NN,0.0002651113468
post,NNP,0.0001177301625
post,VB,0.0008654262224
posted,VBD,0.0029607698
posted,VBN,0.002582644628
posting,VBG,0.001529051988
posts,NNS,0.0003665017409
posts,VBZ,0.0005104645227
potential,JJ,0.002084912813
potential,NN,0.0002651113468
pound,NN,0.0005302226935
pounds,NNS,0.0005497526113
poverty,NN,0.0001767408978
power,NN,0.001944149876
powerful,JJ,0.0003790750569
powers,NNP,0.0001177301625
powers,NNS,0.001099505223
practical,JJ,0.0001895375284
practical,NNP,0.0001177301625
practice,NN,0.0008837044892
practices,NNS,0.0009162543522
practitioners,NNS,0.0003665017409
praised,VBD,0.00074019245
pratt,NNP,0.0004709206499
precedent,NN,0.0003534817957
precisely,RB,0.001548586914
predecessor,NN,0.0001767408978
predict,VB,0.0004327131112
predict,VBP,0.0008183306056
predicted,VBD,0.00074019245
predicting,VBG,0.001529051988
prefecture,NN,0.0001767408978
preference,NN,0.0001767408978
preferences,NNPS,0.004608294931
preferences,NNS,0.0001832508704
preferred,JJ,0.0003790750569
preferred,VBD,0.000370096225
preferred,VBN,0.004648760331
preliminary,JJ,0.0007581501137
premier,JJ,0.0001895375284
premier,NNP,0.0001177301625
premiere,NN,0.0002651113468
premium,NN,0.0007953340403
premiums,NNS,0.0005497526113
preparation,NN,0.0003534817957
prepared,VBN,0.004648760331
prepayment,NN,0.0001767408978
prerogatives,NNS,0.0005497526113
presence,NN,0.0004418522446
present,JJ,0.0001895375284
present,VB,0.0004327131112
presented,VBN,0.001033057851
preserving,VBG,0.001529051988
preset,JJ,0.0003790750569
presidency,NN,0.0002651113468
president,NN,0.00980911983
president,NNP,0.002825523899
presidential,JJ,0.0003790750569
presidents,NNS,0.0003665017409
press,NN,0.0007069635914
pressed,VBN,0.001033057851
pressure,NN,0.0009720749381
pressure,VB,0.0008654262224
pressured,JJ,0.0005686125853
pressures,NNS,0.001282756093
prestigious,JJ,0.0007581501137
presumably,RB,0.0007742934572
pretax,JJ,0.0007581501137
pretax,NN,0.0006185931425
pretext,NN,0.0001767408978
pretty,NNP,0.0001177301625
pretty,RB,0.0027100271
prevailing,VBG,0.001529051988
prevent,VB,0.004327131112
prevent,VBP,0.0008183306056
preventing,VBG,0.003058103976
prevents,VBZ,0.001020929045
previous,JJ,0.003222137983
previously,RB,0.005420054201
price,NN,0.005567338282
price,NNP,0.0005886508123
priced,VBN,0.01342975207
prices,NNS,0.01356056441
pricing,NN,0.0001767408978
primarily,RB,0.002322880372
primary,JJ,0.0007581501137
prime,JJ,0.0003790750569
prime,NNP,0.0005886508123
primerica,NNP,0.0004709206499
princeton,NNP,0.0002354603249
principal,JJ,0.0009476876422
principal,NN,0.0009720749381
principle,NN,0.0001767408978
print,NN,8.837044892e-05
print,VB,0.002596278667
print,VBP,0.0008183306056
printed,VBD,0.000370096225
printed,VBN,0.001033057851
prints,NNS,0.0005497526113
prior,RB,0.001935733643
priority,NN,0.0003534817957
prison,NN,0.0003534817957
privacy,NN,0.0001767408978
private,JJ,0.003411675512
private,NNP,0.0001177301625
privately,RB,0.002322880372
privilege,NN,0.0001767408978
prizes,NNS,0.0003665017409
pro-choice,JJ,0.0003790750569
probably,RB,0.005032907472
problem,NN,0.002651113468
problems,NNS,0.00403151915
procedures,NNS,0.0005497526113
proceedings,NNS,0.0007330034818
process,NN,0.001148815836
processors,NNS,0.0003665017409
produce,VB,0.00346170489
produced,VBD,0.00074019245
produced,VBN,0.004132231405
producer,NN,0.0004418522446
producers,NNS,0.001282756093
producing,VBG,0.002293577982
product,NN,0.00167903853
production,NN,0.001590668081
products,NNP,0.0001177301625
products,NNPS,0.004608294931
products,NNS,0.004947773502
prof,NNP,0.0003531904874
professional,JJ,0.0005686125853
professional,NNP,0.0001177301625
professionals,NNS,0.0005497526113
professor,NN,0.0006185931425
profit,NN,0.00406504065
profit,VB,0.001298139334
profit,VBP,0.0008183306056
profit-taking,NN,0.0002651113468
profitability,NN,0.0003534817957
profitable,JJ,0.001137225171
profitably,RB,0.0007742934572
profits,NNS,0.002382261316
program,NN,0.01139978791
program,NNP,0.0003531904874
program-trading,JJ,0.001705837756
program-trading,NN,0.0002651113468
programming,NN,0.0004418522446
programs,NNS,0.003481766538
progress,NN,0.0004418522446
prohibits,VBZ,0.001531393568
project,NN,0.0004418522446
project,VB,0.0004327131112
projects,NNS,0.0005497526113
prolonged,VBN,0.001033057851
prominent,JJ,0.0003790750569
promise,NN,0.0002651113468
promise,VBP,0.0008183306056
promises,VBZ,0.001020929045
promote,VB,0.0008654262224
promote,VBP,0.0008183306056
promotion,NN,0.0007953340403
promotions,NNS,0.0003665017409
prompted,VBD,0.001110288675
prompted,VBN,0.001033057851
promptly,RB,0.001161440186
propaganda,NN,0.0003534817957
property,NN,0.0004418522446
property\/casualty,NN,0.0001767408978
proponents,NNS,0.0005497526113
proposal,NN,0.00167903853
proposed,VBD,0.00370096225
proposed,VBN,0.006198347107
proposing,VBG,0.003058103976
proposition,NN,0.0001767408978
prosecution,NN,0.0001767408978
prosecutors,NNS,0.0009162543522
prospect,NN,0.0001767408978
prospective,JJ,0.0003790750569
prospects,NNS,0.001282756093
protect,VB,0.001298139334
protecting,VBG,0.003058103976
protection,NN,0.0004418522446
protection,NNP,0.0001177301625
protest,NN,0.0001767408978
protests,NNS,0.0003665017409
protracted,JJ,0.0003790750569
prove,VB,0.00346170489
prove,VBP,0.0008183306056
proved,VBD,0.000370096225
proved,VBN,0.0005165289256
provide,VB,0.003894418001
provide,VBP,0.001636661211
provided,VBD,0.000370096225
provided,VBN,0.004132231405
providence,NNP,0.0002354603249
provides,VBZ,0.003062787136
providing,VBG,0.003822629969
proving,VBG,0.002293577982
provision,NN,0.0007069635914
provisions,NNS,0.001099505223
prudential-bache,NNP,0.0005886508123
ps,NNP,0.0008241111373
psychiatric,JJ,0.0005686125853
psychology,NN,0.0002651113468
public,JJ,0.003222137983
public,NN,0.0007069635914
public,NNP,0.0004709206499
publications,NNP,0.0001177301625
publications,NNPS,0.004608294931
publications,NNS,0.0003665017409
publicized,VBN,0.001033057851
publicly,RB,0.003871467286
publish,VB,0.0008654262224
publisher,NN,0.0002651113468
publishes,VBZ,0.001531393568
publishing,NN,0.0007953340403
publishing,NNP,0.0004709206499
publishing,VBG,0.003058103976
puccio,NNP,0.0002354603249
pull,VB,0.0004327131112
pull,VBP,0.0008183306056
pulp,NN,0.0001767408978
pumping,VBG,0.001529051988
punishable,JJ,0.0003790750569
purchase,NN,0.002032520325
purchase,NNP,0.0001177301625
purchase,VB,0.0008654262224
purchased,VBD,0.00074019245
purchased,VBN,0.001033057851
purchasers,NNS,0.0003665017409
purchases,NNS,0.001282756093
purchasing,NN,0.0004418522446
purchasing,NNP,0.0002354603249
purchasing,VBG,0.004587155963
purpose,NN,0.0006185931425
purse,NN,0.0001767408978
pursuant,JJ,0.0005686125853
pursue,VB,0.002163565556
pursue,VBP,0.0008183306056
pursued,VBN,0.001549586777
push,NN,8.837044892e-05
push,VB,0.0008654262224
pushed,VBN,0.001033057851
pushing,VBG,0.001529051988
put,NN,8.837044892e-05
put,VB,0.005192557334
put,VBD,0.001110288675
put,VBN,0.004648760331
puts,VBZ,0.001020929045
putting,VBG,0.001529051988
pyramids,NNS,0.0003665017409
quality,NN,0.0003534817957
quantities,NNS,0.0003665017409
quantity,NN,0.0003534817957
quarter,NN,0.002562743019
quarterly,JJ,0.0007581501137
quarterly,RB,0.0003871467286
quarters,NNS,0.0003665017409
question,NN,0.0009720749381
question,VBP,0.0008183306056
questionable,JJ,0.0005686125853
questions,NNS,0.003848268279
quick,JJ,0.0005686125853
quickly,RB,0.004645760743
quiet,JJ,0.0005686125853
quite,RB,0.001548586914
quota,NN,0.0002651113468
quoted,VBD,0.000370096225
quoted,VBN,0.003099173554
r,NNP,0.001883682599
r.p,NNP,0.0002354603249
race,NN,0.0002651113468
racket,NN,0.0001767408978
radio,NN,0.0005302226935
radio,NNP,0.0007063809748
railcars,NNS,0.0005497526113
railing,NN,0.0002651113468
railings,NNS,0.0007330034818
rain,NN,0.0002651113468
raise,NN,8.837044892e-05
raise,VB,0.007356122891
raise,VBP,0.002454991817
raised,VBD,0.0029607698
raised,VBN,0.002582644628
raises,VBZ,0.002041858091
raising,NN,8.837044892e-05
raising,VBG,0.005351681957
rally,NN,0.0001767408978
rally,NNP,0.0009418412997
ramirez,NNP,0.0002354603249
ran,VBD,0.00222057735
randolph,NNP,0.0003531904874
random,NNP,0.001295031787
range,NN,0.0005302226935
range,VB,0.0004327131112
range,VBP,0.0008183306056
ranged,VBD,0.00074019245
ranged,VBN,0.001549586777
ranks,NNS,0.0003665017409
rapanelli,NNP,0.0004709206499
rape,NN,0.0004418522446
rapid,JJ,0.0003790750569
rapidly,RB,0.002322880372
rate,NN,0.003623188406
rate,NNP,0.0003531904874
rate,VB,0.0004327131112
rated,VBN,0.001033057851
rates,NNPS,0.004608294931
rates,NNS,0.008612790911
rates,VBZ,0.0005104645227
rather,RB,0.006581494386
rating,NN,0.0007953340403
ratings,NNS,0.002015759575
ratners,NNP,0.001059571462
raton,NNP,0.0002354603249
ray,NNP,0.0002354603249
rcb,-RRB-,0.1140350877
re,VBP,0.02291325696
re-election,NN,0.0001767408978
reach,NN,8.837044892e-05
reach,VB,0.0008654262224
reach,VBP,0.0008183306056
reached,VBD,0.001110288675
reached,VBN,0.007231404959
reaction,NN,0.0004418522446
read,VB,0.002596278667
read,VBD,0.00074019245
read,VBN,0.0005165289256
read,VBP,0.001636661211
reader,NN,0.0001767408978
reading,NN,0.0005302226935
ready,JJ,0.0001895375284
ready,NNP,0.0001177301625
reagan,NNP,0.0008241111373
real,JJ,0.002843062926
real-estate,JJ,0.0001895375284
real-estate,NN,0.0002651113468
reality,NN,0.0002651113468
realization,NN,0.0001767408978
realize,VB,0.001730852445
realize,VBP,0.0008183306056
realized,VBD,0.00074019245
really,RB,0.003484320557
reames,NNP,0.0002354603249
rear-seat,NN,0.0002651113468
reason,NN,0.0009720749381
reasoning,NN,0.0001767408978
reasons,NNS,0.0007330034818
reasons,VBZ,0.0005104645227
rebound,NN,0.0001767408978
rebound,VB,0.0004327131112
receipts,NNS,0.0005497526113
receive,VB,0.004327131112
receive,VBP,0.001636661211
received,VBD,0.0029607698
received,VBN,0.004132231405
receiving,VBG,0.003058103976
recent,JJ,0.01250947688
recently,RB,0.008517228029
recess,NN,0.0002651113468
recession,NN,0.0007953340403
recessionary,JJ,0.0003790750569
recipient,JJ,0.0003790750569
recognition,NN,0.0002651113468
recognize,VB,0.0008654262224
recognize,VBP,0.0008183306056
recommend,VB,0.0008654262224
recommendations,NNS,0.0005497526113
record,JJ,0.0003790750569
record,NN,0.00167903853
record,VB,0.001298139334
record-keeping,JJ,0.0001895375284
record-keeping,NN,8.837044892e-05
recorded,VBD,0.000370096225
recorded,VBN,0.0005165289256
records,NNS,0.0009162543522
recover,VB,0.0008654262224
red,JJ,0.0003790750569
red,NNP,0.0002354603249
redeem,VB,0.0008654262224
redeemed,VBN,0.001549586777
redevelopment,NNP,0.0002354603249
reduce,VB,0.003894418001
reduced,VBD,0.001110288675
reduced,VBN,0.002066115702
reducing,VBG,0.003822629969
reduction,NN,0.0006185931425
reductions,NNS,0.0007330034818
reed,NNP,0.0004709206499
reference,NN,0.0001767408978
referendum,NN,0.0001767408978
referred,VBD,0.0014803849
referred,VBN,0.001033057851
reflect,VB,0.0008654262224
reflect,VBP,0.001636661211
reflected,VBD,0.001110288675
reflecting,VBG,0.002293577982
reflection,NN,0.0002651113468
reflects,VBZ,0.002041858091
reform,NN,0.0006185931425
reformers,NNS,0.0003665017409
reforms,NNS,0.001099505223
refund,NN,0.0005302226935
refund,VB,0.001298139334
refunding,NN,0.0002651113468
refunding,VBG,0.0007645259939
refunds,NNS,0.0003665017409
refusal,NN,0.0001767408978
refuse,VBP,0.001636661211
refused,VBD,0.001110288675
refused,VBN,0.002066115702
regard,VBP,0.001636661211
regarded,VBN,0.001549586777
regarding,VBG,0.003822629969
region,NN,0.001413927183
regional,JJ,0.001326762699
regions,NNS,0.0003665017409
register,NNP,0.0002354603249
registered,VBD,0.000370096225
registered,VBN,0.002582644628
registration,NN,0.0002651113468
regret,NN,0.0001767408978
regular,JJ,0.0005686125853
regulate,VB,0.0008654262224
regulated,VBN,0.001033057851
regulation,NN,0.0002651113468
regulations,NNS,0.0003665017409
regulators,NNS,0.002199010445
regulatory,JJ,0.001516300227
regulatory,NNP,0.0001177301625
reinstatement,NN,0.0002651113468
reject,VB,0.0008654262224
rejected,VBD,0.002590673575
rejected,VBN,0.001549586777
related,JJ,0.0005686125853
related,VBN,0.004132231405
relations,NNP,0.0001177301625
relations,NNS,0.001832508704
relationship,NN,0.0001767408978
relative,JJ,0.0007581501137
relatively,RB,0.004258614015
release,NN,0.0001767408978
released,VBD,0.00074019245
released,VBN,0.001033057851
releases,NNS,0.0003665017409
relegated,VBN,0.001033057851
reliance,NN,8.837044892e-05
reliance,NNP,0.001059571462
relief,NN,0.0001767408978
remain,VB,0.005192557334
remainder,NN,0.0002651113468
remained,VBD,0.001850481125
remaining,VBG,0.006116207951
remains,VBZ,0.006636038795
remarked,VBD,0.000370096225
remarked,VBN,0.0005165289256
remove,VB,0.001298139334
removed,VBD,0.000370096225
removed,VBN,0.001033057851
renew,VB,0.0008654262224
renewed,VBD,0.000370096225
renewed,VBN,0.001033057851
reopen,VB,0.001298139334
reorganization,NN,0.0004418522446
rep,NNP,0.002236873087
repaid,VBN,0.001033057851
repair,NN,0.0002651113468
replace,VB,0.002163565556
replaced,VBD,0.000370096225
replaced,VBN,0.001549586777
replacement,NN,0.0002651113468
replies,NNS,0.0001832508704
replies,VBZ,0.0005104645227
report,NN,0.002386002121
report,NNP,0.0009418412997
report,VB,0.003894418001
reported,VBD,0.008512213175
reported,VBN,0.005681818182
reporter,NN,0.0001767408978
reporters,NNS,0.0005497526113
reporting,NN,0.0001767408978
reporting,VBG,0.003822629969
reports,NNS,0.002015759575
reports,VBZ,0.001020929045
represent,VB,0.0008654262224
represent,VBP,0.003273322422
representative,NN,0.0001767408978
representative,NNP,0.0003531904874
represented,VBD,0.00074019245
represented,VBN,0.0005165289256
representing,VBG,0.003058103976
represents,VBZ,0.002041858091
republican,JJ,0.0005686125853
republican,NNP,0.0001177301625
reputation,NN,0.0002651113468
request,NN,0.0007069635914
requested,VBN,0.001549586777
require,VB,0.00346170489
require,VBP,0.001636661211
required,VBN,0.004648760331
requirement,NN,0.0003534817957
requirements,NNS,0.001466006964
requires,VBZ,0.003062787136
requiring,VBG,0.001529051988
reruns,NNS,0.0007330034818
research,NN,0.002562743019
research,NNP,0.002236873087
researcher,NN,0.0002651113468
researchers,NNS,0.002382261316
reservations,NNS,0.0003665017409
reserve,NN,8.837044892e-05
reserve,NNP,0.0008241111373
reserves,NNS,0.001466006964
residential,JJ,0.0007581501137
resignation,NN,0.0002651113468
resigned,JJ,0.0001895375284
resigned,VBD,0.001850481125
resist,VB,0.0008654262224
resistance,NN,0.0005302226935
resistance,NNP,0.0001177301625
resolution,NN,0.0002651113468
resolve,VB,0.001298139334
resort,NN,0.0001767408978
resources,NNPS,0.01843317972
resources,NNS,0.0009162543522
respect,NN,0.0001767408978
respected,VBN,0.001549586777
respond,VB,0.0008654262224
respond,VBP,0.0008183306056
responded,VBD,0.001110288675
responded,VBN,0.0005165289256
respondents,NNS,0.0003665017409
response,NN,0.0005302226935
responses,NNS,0.0005497526113
responsibilities,NNS,0.0005497526113
responsibility,NN,0.0002651113468
responsible,JJ,0.0005686125853
rest,NN,0.0005302226935
restaurant,NN,8.837044892e-05
restaurant,NNP,0.0001177301625
restaurants,NNS,0.0005497526113
restore,VB,0.001298139334
restriction,NN,0.0001767408978
restrictions,NNS,0.001282756093
restructured,VBD,0.000370096225
restructured,VBN,0.001033057851
restructuring,NN,0.0009720749381
restructuring,VBG,0.001529051988
result,NN,0.0007069635914
result,VB,0.005192557334
resulting,VBG,0.003822629969
results,NNS,0.002932013927
retail,JJ,0.001326762699
retail,NN,0.0003534817957
retailing,NN,0.0002651113468
retain,VB,0.001298139334
retained,VBN,0.001033057851
retin-a,NNP,0.0005886508123
retired,VBD,0.000370096225
retired,VBN,0.001549586777
retirement,NN,0.0001767408978
return,NN,0.001944149876
return,VB,0.002163565556
return,VBP,0.0008183306056
returned,VBD,0.00074019245
returned,VBN,0.001549586777
returning,VBG,0.001529051988
returns,NNS,0.002015759575
returns,VBZ,0.0005104645227
reupke,NNP,0.0007063809748
reuters,NNP,0.001059571462
revenue,NN,0.001060445387
revenue,NNP,0.0001177301625
review,NN,0.0008837044892
review,NNP,0.0001177301625
review,VB,0.001730852445
revive,VB,0.001298139334
revived,VBN,0.001033057851
reward,VB,0.0008654262224
rewards,NNS,0.0003665017409
rewrite,VB,0.0008654262224
rhythm,NN,0.0001767408978
rice,NNP,0.0002354603249
rich,JJ,0.0005686125853
richard,NNP,0.001530492112
richebourg,NNP,0.0002354603249
richmond,NNP,0.0002354603249
rick,NNP,0.0002354603249
rider,NN,0.0002651113468
riese,NNP,0.0003531904874
rifles,NNS,0.0003665017409
right,JJ,0.0009476876422
right,NN,0.001855779427
right,RB,0.001935733643
rights,NNS,0.003298515668
ring,VB,0.001298139334
ring,VBP,0.0008183306056
ringer,NN,0.0003534817957
ringers,NNP,0.0001177301625
ringers,NNS,0.00421477002
ringing,NN,0.0003534817957
ringing,NNP,0.0001177301625
ringing,VBG,0.001529051988
rings,NNS,0.0001832508704
rings,VBZ,0.0005104645227
rise,NN,0.0006185931425
rise,VB,0.002596278667
rise,VBP,0.003273322422
risen,VBN,0.001033057851
rising,VBG,0.008409785933
risk,NN,0.0006185931425
risk,VB,0.002163565556
risks,NNS,0.002199010445
rival,JJ,0.0001895375284
rival,NN,0.0003534817957
riviera,NNP,0.0002354603249
rms,NNP,0.0003531904874
road,NN,0.0003534817957
robbie,NNP,0.0002354603249
robert,NNP,0.002590063574
rock,NN,8.837044892e-05
rock,NNP,0.0001177301625
rockefeller,NNP,0.0005886508123
rockford,NNP,0.0002354603249
rockwell,NNP,0.0005886508123
roederer,NNP,0.0003531904874
roger,NNP,0.0002354603249
rogers,NNP,0.0002354603249
role,NN,0.0009720749381
roll,NN,8.837044892e-05
roll,VB,0.0008654262224
rolled,VBD,0.000370096225
rolled,VBN,0.0005165289256
romance,NN,0.0001767408978
romanee-conti,NNP,0.0003531904874
romanticized,VBN,0.001033057851
ronald,NNP,0.0002354603249
roof,NN,8.837044892e-05
roof,NNP,0.0001177301625
roof-crush,JJ,0.0007581501137
roofs,NNS,0.0003665017409
ropes,NNS,0.0007330034818
rose,VBD,0.01702442635
rosenblum,NNP,0.0002354603249
ross,NNP,0.0005886508123
rouge,NNP,0.0002354603249
rough,JJ,0.0003790750569
roughly,RB,0.0027100271
roukema,NNP,0.0002354603249
round,NN,0.0004418522446
routine,JJ,0.0001895375284
routine,NN,8.837044892e-05
row,NN,0.0001767408978
rowe,NNP,0.0005886508123
rrb,-RRB-,0.8859649123
rubicam,NNP,0.0002354603249
rudolph,NNP,0.0003531904874
rule,NN,0.001060445387
rule,VB,0.0008654262224
ruled,VBD,0.0014803849
rules,NNS,0.001099505223
ruling,NN,0.001148815836
rumored,VBN,0.001549586777
rumors,NNS,0.001466006964
run,NN,0.0001767408978
run,VB,0.002596278667
run,VBN,0.002582644628
run,VBP,0.001636661211
run-down,JJ,0.0003790750569
rung,VBN,0.001033057851
running,VBG,0.004587155963
runs,VBZ,0.004594180704
rural,JJ,0.0003790750569
rushed,VBD,0.00074019245
russell,NNP,0.0003531904874
s,NNP,0.0003531904874
s,POS,1
s,VBZ,0.05104645227
s&l,NN,0.0001767408978
s&p,NNP,0.004120555686
sachs,NNP,0.0008241111373
sacramento,NNP,0.0003531904874
safety,NN,0.001944149876
safety,NNP,0.0004709206499
said,VBD,0.2002220577
said,VBN,0.005165289256
salaries,NNS,0.0003665017409
salary,NN,0.0004418522446
sale,NN,0.002032520325
sale,NNP,0.0002354603249
sales,NNS,0.0111783031
salmore,NNP,0.0002354603249
salomon,NNP,0.0005886508123
salon,NNP,0.0004709206499
same,JJ,0.006633813495
samnick,NNP,0.0003531904874
samples,NNS,0.0007330034818
san,NNP,0.002236873087
sanctions,NNS,0.0009162543522
sanctions,VBZ,0.0005104645227
santa,NNP,0.0007063809748
satisfactory,JJ,0.0003790750569
saudi,NNP,0.0003531904874
save,VB,0.0008654262224
savin,NNP,0.0003531904874
savings,NN,0.0002651113468
savings,NNP,0.0004709206499
savings,NNPS,0.01843317972
savings,NNS,0.001649257834
savings-and-loan,JJ,0.0003790750569
saw,VBD,0.001850481125
say,VB,0.007788836002
say,VBP,0.04173486088
sayers,NNP,0.0002354603249
saying,VBG,0.01146788991
says,VBZ,0.1097498724
scale,NN,0.0001767408978
scannell,NNP,0.0002354603249
scared,JJ,0.0001895375284
scared,VBN,0.0005165289256
scenario,NN,0.0001767408978
scenes,NNS,0.0005497526113
scheduled,VBD,0.000370096225
scheduled,VBN,0.006198347107
scherer,NNP,0.0002354603249
scholars,NNS,0.0003665017409
school,NN,0.001944149876
school,NNP,0.001530492112
schools,NNS,0.001649257834
sci,NNP,0.0002354603249
science,NN,0.0001767408978
scientific,JJ,0.0007581501137
scientist,NN,0.0001767408978
scientists,NNS,0.001466006964
score,NN,0.0001767408978
scores,NNS,0.002015759575
scoring,NNP,0.001530492112
scott,NNP,0.0003531904874
scrambled,VBD,0.000370096225
scrambled,VBN,0.0005165289256
scrambling,VBG,0.001529051988
screen,NN,0.0003534817957
screens,NNS,0.0003665017409
scripts,NNS,0.0003665017409
scrutinizing,VBG,0.001529051988
scrutiny,NN,0.0002651113468
sea,NNP,0.001883682599
season,NN,0.0002651113468
seasonally,RB,0.0007742934572
seat,NN,0.0003534817957
seats,NNS,0.001466006964
sec,NNP,0.0004709206499
second,JJ,0.002653525398
second,NNP,0.0002354603249
second-largest,JJ,0.0007581501137
secondary,JJ,0.0007581501137
secretary,NN,0.0002651113468
secretary,NNP,0.0007063809748
section,NN,0.0007069635914
section,NNP,0.0004709206499
sections,NNS,0.0003665017409
sector,NN,0.001413927183
secured,VBD,0.000370096225
secured,VBN,0.0005165289256
securities,NNP,0.001177301625
securities,NNPS,0.06912442396
securities,NNS,0.006047278725
security,NN,0.0006185931425
security,NNP,0.0002354603249
see,VB,0.009952401558
see,VBP,0.003273322422
seeing,VBG,0.002293577982
seek,VB,0.004759844223
seek,VBP,0.002454991817
seeking,VBG,0.01376146789
seeks,VBZ,0.002041858091
seem,VB,0.0008654262224
seem,VBP,0.005728314239
seemed,VBD,0.002590673575
seems,VBZ,0.004083716182
seen,VBN,0.004132231405
sees,VBZ,0.001020929045
segment,NN,0.0002651113468
segments,NNS,0.0009162543522
selected,VBN,0.001033057851
sell,NN,0.0004418522446
sell,VB,0.01254868023
sell,VBP,0.003273322422
seller,NN,0.0001767408978
sellers,NNS,0.0003665017409
selling,NN,0.0002651113468
selling,VBG,0.005351681957
sells,VBZ,0.004083716182
semiannual,JJ,0.0005686125853
seminar,NN,0.0001767408978
sen,NNP,0.0004709206499
senate,NN,8.837044892e-05
senate,NNP,0.001883682599
send,VB,0.002596278667
send,VBP,0.0008183306056
sending,VBG,0.001529051988
senior,JJ,0.003222137983
senior,NN,0.0001767408978
senior,NNP,0.0001177301625
seniors,NNP,0.0002354603249
sense,NN,0.0006185931425
sense,VBP,0.0008183306056
sent,VBD,0.00074019245
sent,VBN,0.002066115702
sentiment,NN,0.0002651113468
seoul,NNP,0.0004709206499
separate,JJ,0.001137225171
separately,NNP,0.0001177301625
separately,RB,0.001548586914
separation,NN,0.0003534817957
sept,JJ,0.0001895375284
sept,NNP,0.001177301625
september,NNP,0.004473746174
serial,JJ,0.0003790750569
serial,NN,8.837044892e-05
series,NN,0.001060445387
series,NNP,0.0003531904874
serious,JJ,0.001895375284
seriously,RB,0.001161440186
serve,VB,0.001730852445
served,VBD,0.000370096225
served,VBN,0.0005165289256
service,NN,0.002032520325
service,NNP,0.001177301625
services,NNPS,0.01843317972
services,NNS,0.00421477002
servicing,NN,8.837044892e-05
servicing,VBG,0.0007645259939
session,NN,0.0007953340403
set,NN,0.0002651113468
set,VB,0.002596278667
set,VBD,0.001850481125
set,VBN,0.006198347107
set,VBP,0.001636661211
setback,NN,0.0001767408978
sets,NNS,0.0007330034818
sets,VBZ,0.001020929045
settle,VB,0.001730852445
settle,VBP,0.0008183306056
settled,VBD,0.001110288675
settled,VBN,0.001033057851
settlement,NN,0.0003534817957
seven,CD,0.002530044276
seven-day,JJ,0.0005686125853
severable,JJ,0.0003790750569
several,JJ,0.006823351024
severe,JJ,0.0003790750569
sex,NN,0.0001767408978
seymour,NNP,0.0004709206499
shall,MD,0.0084643289
shame,NN,0.0002651113468
shape,NN,0.0002651113468
shapiro,NNP,0.0003531904874
share,NN,0.008395192648
share,VB,0.001298139334
sharedata,NNP,0.0003531904874
shareholder,NN,0.0009720749381
shareholders,NNS,0.002932013927
shares,NNS,0.01850833791
sharp,JJ,0.001137225171
sharply,RB,0.003871467286
shaw,NNP,0.0002354603249
she,PRP,0.06043613707
shearson,NNP,0.001765952437
sheep,NN,8.837044892e-05
sheep,NNP,0.0004709206499
sheet,NN,0.0001767408978
sheets,NNS,0.0005497526113
shelter,NN,0.0001767408978
sherwood,NNP,0.0004709206499
shift,NN,0.0001767408978
ship,NN,0.0003534817957
ship,VB,0.0008654262224
shipments,NNS,0.0009162543522
shipped,VBN,0.001033057851
shipping,NN,0.0001767408978
ships,NNS,0.0005497526113
shipyard,NN,0.0001767408978
shops,NNS,0.0005497526113
short,JJ,0.001705837756
short,RB,0.0007742934572
short-term,JJ,0.002274450341
shortage,NN,0.0001767408978
shortly,RB,0.001935733643
shot,NN,0.0001767408978
shot,VBD,0.000370096225
should,MD,0.04353083434
shoulder,NN,0.0002651113468
show,NN,0.0006185931425
show,NNP,0.0001177301625
show,VBP,0.002454991817
showed,VBD,0.0044411547
showing,NN,0.0001767408978
showing,VBG,0.002293577982
shows,NNS,0.0005497526113
shows,VBZ,0.003573251659
shrinks,VBZ,0.001020929045
shut,VB,0.0004327131112
shut,VBN,0.0005165289256
side,NN,0.0007953340403
sidelines,NNS,0.0003665017409
sides,NNS,0.001466006964
sidewalk,NN,8.837044892e-05
sidewalk,NNP,0.0004709206499
sierra,NNP,0.0002354603249
sigler,NNP,0.0002354603249
sign,NN,0.0007069635914
sign,VB,0.001298139334
signal,NN,0.0002651113468
signal,VB,0.001730852445
signals,NNS,0.0001832508704
signals,VBZ,0.001020929045
signed,VBD,0.00074019245
signed,VBN,0.001033057851
significant,JJ,0.002653525398
significantly,RB,0.001935733643
signing,VBG,0.001529051988
signs,NNS,0.001649257834
silent,JJ,0.0003790750569
silicon,NN,8.837044892e-05
silicon,NNP,0.0001177301625
similar,JJ,0.002084912813
similarly,RB,0.001161440186
simmons,NNP,0.001177301625
simon,NNP,0.0002354603249
simple,JJ,0.0007581501137
simply,RB,0.002322880372
since,IN,0.005732269304
singapore,NNP,0.0004709206499
single,JJ,0.001895375284
single,VB,0.0004327131112
single-family,JJ,0.0001895375284
single-family,NN,8.837044892e-05
single-handedly,RB,0.0007742934572
sink,VB,0.0008654262224
sir,NNP,0.0004709206499
sit,VB,0.0008654262224
situation,NN,0.0009720749381
situations,NNS,0.0003665017409
six,CD,0.009487666034
six-inch,JJ,0.0003790750569
six-month,JJ,0.001137225171
six-packs,NNS,0.0003665017409
sixth,JJ,0.0005686125853
sixth,NNP,0.0001177301625
sizable,JJ,0.0005686125853
size,NN,0.0007953340403
skeptical,JJ,0.0005686125853
sketch,NN,0.0001767408978
skills,NNS,0.0007330034818
skin,NN,0.0002651113468
skyrocketed,VBN,0.001033057851
slack,JJ,0.0001895375284
slack,NN,8.837044892e-05
sleep,NN,8.837044892e-05
sleep,VB,0.0008654262224
slid,VBD,0.00074019245
slide,NN,0.0003534817957
slide,VB,0.0004327131112
slides,NNS,0.0001832508704
slides,VBZ,0.0005104645227
slightly,RB,0.003484320557
slipped,VBD,0.001110288675
slow,JJ,0.001137225171
slow,RB,0.0003871467286
slow,VB,0.002596278667
slowdown,NN,0.0003534817957
slower,JJR,0.01156069364
slowing,NN,0.0001767408978
slowing,VBG,0.006116207951
slowly,RB,0.001548586914
sluggish,JJ,0.001137225171
slump,NN,0.0001767408978
smaby,NNP,0.0002354603249
small,JJ,0.008529188779
smaller,JJR,0.02312138728
smith,NNP,0.0007063809748
smokers,NNS,0.0003665017409
smoking,NN,0.0003534817957
snapped,VBD,0.00074019245
snapped,VBN,0.0005165289256
so,IN,0.002922333371
so,RB,0.02400309717
so-called,JJ,0.001326762699
soared,VBD,0.0014803849
soared,VBN,0.001033057851
social,JJ,0.001137225171
social,NNP,0.0001177301625
social-studies,NN,0.0001767408978
society,NN,0.0002651113468
society,NNP,0.0003531904874
soft,JJ,0.0003790750569
softening,NN,8.837044892e-05
softening,VBG,0.0007645259939
software,NN,0.0008837044892
sold,VBD,0.004811250925
sold,VBN,0.01188016529
solid,JJ,0.0007581501137
solved,VBD,0.000370096225
solved,VBN,0.0005165289256
some,DT,0.01699062118
some,RB,0.0007742934572
somebody,NN,0.0001767408978
someone,NN,0.0005302226935
something,NN,0.001237186285
sometimes,RB,0.003484320557
son,NN,0.0001767408978
sonnett,NNP,0.0004709206499
sony,NNP,0.0009418412997
soon,RB,0.003871467286
sooner,RB,0.0003871467286
sooner,RBR,0.008
sophisticated,JJ,0.0009476876422
sort,NN,0.0003534817957
sought,VBD,0.00074019245
sought,VBN,0.003099173554
sound,JJ,0.0001895375284
sound,NN,0.0004418522446
sound,VB,0.0004327131112
sound,VBP,0.0008183306056
sounded,VBD,0.00074019245
sounds,NNS,0.0005497526113
sounds,VBZ,0.0005104645227
soup,NNP,0.0007063809748
souper,NNP,0.0002354603249
source,NN,0.0007953340403
sources,NNS,0.001282756093
south,JJ,0.0001895375284
south,NNP,0.003531904874
southeast,JJ,0.0005686125853
southeast,NNP,0.0007063809748
southern,NNP,0.0005886508123
soviet,JJ,0.0009476876422
soviet,NNP,0.0002354603249
soviets,NNPS,0.03225806452
soviets,NNS,0.0003665017409
soybeans,NNPS,0.004608294931
soybeans,NNS,0.0001832508704
space,NN,0.0007069635914
spaces,NNS,0.0003665017409
spain,NNP,0.0004709206499
sparked,VBD,0.001110288675
sparked,VBN,0.0005165289256
speaks,VBZ,0.001020929045
special,JJ,0.002843062926
specialist,NN,0.0005302226935
specialists,NNS,0.001282756093
specializes,VBZ,0.001020929045
specialty,NN,0.0004418522446
specific,JJ,0.0003790750569
specified,VBN,0.001549586777
specify,VB,0.001298139334
speculated,VBD,0.001110288675
speculated,VBN,0.0005165289256
speculation,NN,0.0008837044892
speculative,JJ,0.0007581501137
speculators,NNS,0.0005497526113
speech,NN,0.0003534817957
speed,NN,0.0001767408978
speed,VB,0.0004327131112
speedway,NN,8.837044892e-05
speedway,NNP,0.0001177301625
spend,VB,0.001298139334
spend,VBP,0.0008183306056
spenders,NNS,0.0003665017409
spending,NN,0.002032520325
spending,VBG,0.001529051988
spends,VBZ,0.001020929045
spent,VBD,0.001110288675
spent,VBN,0.002066115702
sphere,NN,0.0001767408978
spinoff,NN,0.0006185931425
spirit,NN,0.0004418522446
split,JJ,0.0001895375284
split,VB,0.0004327131112
split,VBN,0.0005165289256
spokesman,NN,0.002562743019
spokeswoman,NN,0.0006185931425
sponsor,NN,0.0001767408978
spoon,NNP,0.0003531904874
sports,NNS,0.0005497526113
spot,NN,0.0001767408978
spread,NN,8.837044892e-05
spread,VB,0.0008654262224
spread,VBN,0.0005165289256
spreads,NNS,0.0003665017409
spring,NN,0.0007069635914
springs,NNP,0.0002354603249
springs,NNPS,0.004608294931
spur,VB,0.0008654262224
spurred,VBN,0.001033057851
square,JJ,0.0003790750569
squeeze,NN,0.0002651113468
squeezed,VBD,0.000370096225
squeezed,VBN,0.0005165289256
st,NNP,0.001295031787
stable,JJ,0.0003790750569
stable,NN,0.0001767408978
stadium,NN,0.0007069635914
stadium,NNP,0.0001177301625
stadiums,NNS,0.0005497526113
staff,NN,0.0005302226935
stag,NNP,0.0003531904874
stage,NN,0.0001767408978
stages,NNS,0.0005497526113
stake,NN,0.00167903853
stake,VB,0.0004327131112
stakes,NNS,0.0003665017409
stalemate,NN,0.0001767408978
stamford,NNP,0.0003531904874
stance,NN,0.0001767408978
stand,NN,0.0001767408978
stand,VB,0.0008654262224
stand,VBP,0.004091653028
standard,JJ,0.0009476876422
standard,NN,0.0001767408978
standard,NNP,0.001295031787
standardized,JJ,0.001516300227
standards,NNS,0.001649257834
standing,JJ,0.0001895375284
standing,NN,0.0004418522446
standing,VBG,0.0007645259939
stands,NNS,0.0003665017409
stands,VBZ,0.001531393568
stanford,NNP,0.0002354603249
stanley,NNP,0.0008241111373
star,NN,0.0001767408978
stark,JJ,0.0001895375284
stark,NNP,0.0001177301625
stars,NNS,0.0003665017409
start,NN,0.0002651113468
start,VB,0.001298139334
start,VBP,0.001636661211
start-up,JJ,0.0001895375284
start-up,NN,8.837044892e-05
started,VBD,0.0014803849
started,VBN,0.0005165289256
starting,VBG,0.003822629969
startling,JJ,0.0003790750569
starts,NNS,0.0001832508704
starts,VBZ,0.001020929045
state,NN,0.002651113468
state,NNP,0.00141276195
state,VBP,0.0008183306056
state-owned,JJ,0.0003790750569
stated,VBD,0.000370096225
stated,VBN,0.0005165289256
statement,NN,0.001148815836
states,NNPS,0.02304147465
states,NNS,0.002015759575
states,VBZ,0.001020929045
statewide,JJ,0.0003790750569
station,NN,0.0002651113468
stations,NNS,0.001832508704
statistics,NNS,0.0005497526113
stature,NN,0.0001767408978
status,NN,0.0002651113468
statute,NN,0.0002651113468
stay,VB,0.001730852445
steady,JJ,0.001137225171
stearn,NNP,0.0003531904874
steel,NN,0.0001767408978
steel,NNP,0.0002354603249
steeper,JJR,0.005780346821
steinberg,NNP,0.0008241111373
stellar,JJ,0.0003790750569
stem,VB,0.0004327131112
stem,VBP,0.0008183306056
stemming,VBG,0.002293577982
stena,NNP,0.0002354603249
step,NN,0.0003534817957
step,VB,0.0008654262224
stephanie,NNP,0.0002354603249
stephen,NNP,0.0007063809748
stepped,VBD,0.00074019245
stepped,VBN,0.0005165289256
stepping,VBG,0.002293577982
steps,NNS,0.0003665017409
sterling,NN,0.0001767408978
sterling,NNP,0.0003531904874
steven,NNP,0.0002354603249
stevens,NNP,0.0002354603249
stevenson,NNP,0.0002354603249
stieglitz,NNP,0.0002354603249
stiff,JJ,0.0003790750569
still,RB,0.01471157569
stock,NN,0.01122304701
stock,NNP,0.003414174712
stock-index,JJ,0.001705837756
stock-index,NN,0.001148815836
stock-market,NN,0.0006185931425
stockbrokers,NNS,0.0007330034818
stockholders,NNS,0.0003665017409
stockholm,NNP,0.0002354603249
stocks,NNS,0.01172805571
stocks,RB,0.0003871467286
stoll,NNP,0.0002354603249
stone,NN,0.0002651113468
stood,VBD,0.001850481125
stop,VB,0.002163565556
stop,VBP,0.0008183306056
stopped,VBD,0.0014803849
stopped,VBN,0.001549586777
store,NN,8.837044892e-05
store,VB,0.0004327131112
stored,VBD,0.00074019245
stores,NNP,0.0001177301625
stores,NNPS,0.009216589862
stores,NNS,0.001649257834
stories,NNP,0.0004709206499
story,NN,0.0004418522446
story,NNP,0.0001177301625
straight,JJ,0.0005686125853
straight,RB,0.0007742934572
strategic,JJ,0.0003790750569
strategies,NNS,0.0005497526113
strategy,NN,0.0004418522446
street,NN,0.0002651113468
street,NNP,0.004356016011
streets,NNS,0.001282756093
strength,NN,0.0005302226935
stressed,VBD,0.000370096225
stressed,VBN,0.0005165289256
stressing,VBG,0.001529051988
strict,JJ,0.0005686125853
strike,NN,0.0008837044892
striking,JJ,0.0003790750569
strings,NNS,0.0003665017409
strip,NN,8.837044892e-05
strip,VB,0.0004327131112
stronach,NNP,0.0005886508123
strong,JJ,0.004548900682
strong-willed,JJ,0.0003790750569
stronger,JJR,0.01156069364
strongest,JJS,0.0125
strongly,RB,0.0007742934572
structural,NNP,0.0002354603249
structure,NN,0.0001767408978
structures,NNS,0.0005497526113
struggle,NN,0.0001767408978
struggling,VBG,0.001529051988
student,NN,0.0008837044892
students,NNS,0.005680776984
studied,VBD,0.000370096225
studied,VBN,0.002066115702
studies,NNS,0.0003665017409
study,NN,0.0008837044892
study,VB,0.0008654262224
study,VBP,0.0008183306056
studying,VBG,0.001529051988
stung,VBN,0.001033057851
stupid,JJ,0.0007581501137
subcommittee,NN,0.0003534817957
subdued,VBN,0.001033057851
subject,JJ,0.001326762699
subject,NN,0.0002651113468
subjects,NNS,0.0003665017409
subminimum,NN,0.0001767408978
submit,VB,0.0008654262224
subordinated,VBN,0.001033057851
subscriptions,NNS,0.0003665017409
subsidiaries,NNS,0.0007330034818
subsidiary,NN,0.0006185931425
subskills,NNS,0.0003665017409
substance,NN,0.0003534817957
substantial,JJ,0.001137225171
substantially,RB,0.002322880372
succeed,VB,0.001730852445
succeed,VBP,0.0008183306056
succeeded,VBD,0.00074019245
succeeds,VBZ,0.001020929045
success,NN,0.0002651113468
successful,JJ,0.0009476876422
successor,NN,0.0006185931425
such,JJ,0.01611068992
such,PDT,0.2173913043
suddenly,RB,0.0007742934572
sued,VBD,0.00074019245
suffer,VB,0.001298139334
suffer,VBP,0.001636661211
suffered,VBD,0.00074019245
suffering,NN,0.0001767408978
sugar,NN,0.002032520325
sugarman,NNP,0.0002354603249
suggest,VBP,0.002454991817
suggested,VBD,0.00222057735
suggests,VBZ,0.003573251659
suing,VBG,0.001529051988
suit,NN,0.0005302226935
suit,VB,0.0004327131112
sulfur-dioxide,NN,0.0001767408978
sullivan,NNP,0.0005886508123
summary,NN,0.0001767408978
summer,NN,0.0006185931425
sums,NNS,0.0003665017409
sun,NNP,0.0002354603249
sunday,NNP,0.0002354603249
supercomputer,NN,0.0003534817957
supercomputers,NNS,0.0003665017409
superconductor,NN,0.0003534817957
superconductors,NNS,0.001649257834
superdome,NNP,0.0002354603249
superdot,NNP,0.0002354603249
superior,JJ,0.0003790750569
superpremiums,NNS,0.0003665017409
suppliers,NNS,0.0005497526113
supplies,NNS,0.0003665017409
supplies,VBZ,0.001020929045
supply,NN,0.0005302226935
supply,VB,0.0004327131112
support,NN,0.0007953340403
support,VB,0.003894418001
supported,VBD,0.000370096225
supported,VBN,0.001033057851
supporters,NNS,0.0003665017409
supportive,JJ,0.0003790750569
supposedly,RB,0.0007742934572
supreme,NN,8.837044892e-05
supreme,NNP,0.001059571462
sure,JJ,0.0009476876422
sure,RB,0.0007742934572
surfaced,VBD,0.000370096225
surfaced,VBN,0.0005165289256
surge,NN,0.0004418522446
surge,VB,0.0004327131112
surged,VBD,0.001850481125
surged,VBN,0.001033057851
surgery,NN,0.0001767408978
surplus,NN,0.0001767408978
surprise,NN,0.0004418522446
surprised,VBN,0.001033057851
surprising,JJ,0.0009476876422
surprisingly,RB,0.001161440186
surrendered,VBD,0.001110288675
surrounding,VBG,0.001529051988
survey,NN,0.001502297632
survival,NN,0.0002651113468
survive,VB,0.0008654262224
surviving,VBG,0.001529051988
susan,NNP,0.0002354603249
suspect,JJ,0.0001895375284
suspect,VB,0.0004327131112
suspect,VBP,0.001636661211
suspend,VB,0.001298139334
suspended,VBD,0.000370096225
suspended,VBN,0.003615702479
suspension,NN,0.002209261223
suspensions,NNS,0.0003665017409
sustained,VBN,0.001033057851
svenska,NNP,0.0002354603249
swap,NN,0.0007069635914
swap,VB,0.0008654262224
swaps,NNS,0.0003665017409
sweeping,JJ,0.0005686125853
sweeping,VBG,0.001529051988
sweet,JJ,0.0003790750569
sweetened,VBD,0.000370096225
sweetened,VBN,0.0005165289256
swiftly,RB,0.001161440186
swing,NN,0.0001767408978
swing,VB,0.0004327131112
swing,VBP,0.0008183306056
swings,NNS,0.0009162543522
swiss,JJ,0.0009476876422
switch,NN,0.0001767408978
switch,VB,0.0004327131112
switched,VBD,0.000370096225
switched,VBN,0.0005165289256
switzerland,NNP,0.0004709206499
symbol,NN,0.0001767408978
syndicate,NN,0.0001767408978
syndication,NN,0.0001767408978
synergistics,NNP,0.0002354603249
system,NN,0.001413927183
system,NNP,0.0004709206499
systematic,JJ,0.0003790750569
systems,NNP,0.0001177301625
systems,NNPS,0.01843317972
systems,NNS,0.0009162543522
t,NNP,0.001295031787
taccetta,NNP,0.0002354603249
tache,NNP,0.0003531904874
taipei,NNP,0.0003531904874
taiwan,NNP,0.0007063809748
take,VB,0.01817395067
take,VBP,0.003273322422
taken,VBN,0.007747933884
takeover,NN,0.00167903853
takes,VBZ,0.00561510975
taking,VBG,0.009174311927
takuma,NNP,0.0002354603249
talcott,NNP,0.0004709206499
talk,NN,0.0001767408978
talk,VB,0.001730852445
talk,VBP,0.0008183306056
talking,VBG,0.003058103976
talks,NNS,0.002565512186
talks,VBZ,0.001020929045
tally,NN,0.0001767408978
target,NN,0.0006185931425
target,VB,0.0008654262224
targeting,VBG,0.002293577982
targets,NNS,0.0005497526113
targets,VBZ,0.001020929045
tariff,NN,0.0001767408978
task,NN,0.0001767408978
taught,VBD,0.001110288675
taurus,NNP,0.0002354603249
tax,NN,0.001413927183
taxable,JJ,0.0003790750569
taxes,NNS,0.0007330034818
taxpayers,NNS,0.0009162543522
taylor,NNP,0.0003531904874
teach,VB,0.0008654262224
teach,VBP,0.0008183306056
teacher,NN,0.001237186285
teachers,NNS,0.002015759575
teaching,NN,0.0003534817957
team,NN,0.001502297632
team,NNP,0.0001177301625
teams,NNS,0.0005497526113
technical,JJ,0.0009476876422
techniques,NNS,0.0005497526113
technology,NN,0.0006185931425
technology,NNP,0.0003531904874
telecommunications,NN,8.837044892e-05
telecommunications,NNS,0.0005497526113
telegraph,NN,8.837044892e-05
telegraph,NNP,0.0003531904874
telegraph,VBP,0.0008183306056
telephone,NN,0.0008837044892
telephone,NNP,0.0005886508123
telephone,VB,0.0004327131112
telerate,NNP,0.0009418412997
television,NN,0.0007953340403
television,NNP,0.0001177301625
telling,VBG,0.002293577982
tells,VBZ,0.001531393568
temple,NNP,0.001059571462
temporarily,RB,0.002322880372
temptation,NN,0.0001767408978
tend,VBP,0.002454991817
tender,JJ,0.0001895375284
tender,NN,0.0002651113468
tender,VB,0.0004327131112
tendered,VBN,0.001549586777
tense,JJ,0.0003790750569
tentatively,RB,0.002322880372
tenure,NN,0.0001767408978
term,NN,0.001060445387
terminated,VBD,0.000370096225
terminated,VBN,0.0005165289256
terms,NNS,0.004398020891
test,NN,0.003181336161
test,NNP,0.0004709206499
test,VB,0.0004327131112
test,VBP,0.0008183306056
test-coaching,JJ,0.0003790750569
test-preparation,JJ,0.0003790750569
tested,VBN,0.001549586777
testing,NN,0.0008837044892
tests,NNS,0.002932013927
texaco,NNP,0.0002354603249
texas,NNP,0.001648222275
text,NN,0.0002651113468
textile,NN,0.0001767408978
texts,NNS,0.0003665017409
thailand,NNP,0.0005886508123
than,IN,0.01820838485
that,DT,0.01454397173
that,IN,0.05282679555
that,RB,0.001161440186
that,WDT,0.4925373134
the,CD,0.0003162555345
the,DT,0.5812151692
the,JJ,0.0009476876422
the,NNP,0.0005886508123
their,PRP$,0.2538787024
them,PRP,0.04049844237
themselves,PRP,0.006853582555
then,RB,0.01200154859
theory,NN,0.0002651113468
there,EX,1
there,RB,0.004258614015
these,DT,0.009922522767
they,PRP,0.1501557632
thin,JJ,0.001137225171
thing,NN,0.001237186285
things,NNS,0.002748763057
think,VB,0.004759844223
think,VBP,0.009001636661
thinking,VBG,0.003822629969
thinks,VBZ,0.001531393568
third,JJ,0.002653525398
third-quarter,JJ,0.0003790750569
third-quarter,NN,0.0007069635914
this,DT,0.02664129401
thomas,NNP,0.001059571462
those,DT,0.007475873318
though,IN,0.002585141059
though,RB,0.001161440186
thought,NN,8.837044892e-05
thought,VBD,0.001850481125
thought,VBN,0.001033057851
thousands,NNS,0.0007330034818
threat,NN,0.0001767408978
threatened,VBD,0.000370096225
threatened,VBN,0.002066115702
threats,NNS,0.0003665017409
three,CD,0.01454775459
three,NNP,0.0001177301625
three-month,JJ,0.0003790750569
three-year,JJ,0.0003790750569
thrift,NN,0.0005302226935
thrifts,NNS,0.0003665017409
through,IN,0.004383500056
through,RP,0.005154639175
throughout,IN,0.0004495897494
throws,VBZ,0.001020929045
thunderbird,NNP,0.0002354603249
thursday,NNP,0.001059571462
thus,RB,0.0027100271
ticket,NN,0.0003534817957
tickets,NNS,0.0003665017409
tied,VBD,0.000370096225
tied,VBN,0.001549586777
ties,NNS,0.0009162543522
tight,JJ,0.0003790750569
tight,RB,0.0003871467286
time,NN,0.005037115589
time,NNP,0.0009418412997
time,VB,0.0004327131112
times,NNP,0.0004709206499
times,NNS,0.002932013927
times-stock,NNP,0.0002354603249
timex,NNP,0.0003531904874
tiny,JJ,0.0001895375284
tiny,NNP,0.0001177301625
tip,NNP,0.0001177301625
tip,VB,0.0004327131112
tiphook,NNP,0.0002354603249
tire,NN,0.0002651113468
tire,NNP,0.0001177301625
tired,JJ,0.0003790750569
tissue,NN,0.0001767408978
tissues,NNS,0.0003665017409
title,NN,0.0001767408978
to,IN,0.0002247948747
to,JJ,0.0001895375284
to,TO,1
toast,NN,0.0001767408978
today,NN,0.002297631672
together,RB,0.002322880372
together,RP,0.01546391753
tokyo,NNP,0.002825523899
told,VBD,0.004071058475
toledo,NNP,0.0002354603249
tolerate,VB,0.0008654262224
tom,NNP,0.0002354603249
tomorrow,NN,0.0004418522446
tone,NN,0.0001767408978
tons,NNS,0.001832508704
tony,NNP,0.0005886508123
too,RB,0.009291521487
took,VBD,0.00962250185
top,JJ,0.001895375284
top,NN,8.837044892e-05
top,VB,0.0004327131112
topics,NNS,0.0003665017409
toronto,NNP,0.0005886508123
toronto-based,JJ,0.0003790750569
torrington,NNP,0.0002354603249
total,JJ,0.00246398787
total,NN,0.0007953340403
total,VB,0.0008654262224
total,VBP,0.001636661211
totaled,VBD,0.002590673575
totaling,VBG,0.001529051988
touch,NN,8.837044892e-05
touch,VB,0.0004327131112
touch,VBP,0.0008183306056
tours,NNS,0.0003665017409
toward,IN,0.0004495897494
tower,NN,0.0005302226935
town,NN,0.0002651113468
towns,NNS,0.0003665017409
tracks,VBZ,0.001020929045
trade,NN,0.003004595263
trade,NNP,0.001295031787
trade,VB,0.003028991778
trade,VBP,0.004091653028
traded,NNP,0.0001177301625
traded,VBN,0.006714876033
trader,NN,0.0005302226935
traders,NNS,0.008796041781
trades,NNS,0.003298515668
trades,VBZ,0.001020929045
trading,NN,0.0121067515
trading,NNP,0.0002354603249
trading,VBG,0.01376146789
tradition,NN,0.0001767408978
traditional,JJ,0.00246398787
traditionally,RB,0.001161440186
trailed,VBD,0.001110288675
train,VB,0.0008654262224
trained,VBN,0.001033057851
training,NN,0.0007069635914
tramp,NN,8.837044892e-05
tramp,NNP,0.0005886508123
transacting,VBG,0.001529051988
transaction,NN,0.001767408978
transactions,NNS,0.003848268279
transamerica,NNP,0.0002354603249
transferring,VBG,0.001529051988
transfers,NNS,0.0001832508704
transfers,VBZ,0.0005104645227
transformed,VBD,0.000370096225
transformed,VBN,0.0005165289256
transition,NN,0.0001767408978
transplant,NN,0.0001767408978
transplant,NNP,0.0001177301625
transplants,NNS,0.001099505223
transportation,NN,0.0001767408978
transportation,NNP,0.0008241111373
travel,NN,0.0003534817957
travel,VB,0.0004327131112
travelers,NNPS,0.01843317972
travelers,NNS,0.0001832508704
traveling,VBG,0.001529051988
trays,NNS,0.0003665017409
treasury,NNP,0.004709206499
treat,VB,0.001298139334
treated,VBD,0.000370096225
treated,VBN,0.0005165289256
treatment,NN,0.0007069635914
tree,NN,0.0002651113468
trend,NN,0.0006185931425
trends,NNS,0.0003665017409
trial,NN,0.0004418522446
tried,VBD,0.001110288675
tried,VBN,0.001033057851
trigger,NN,0.0001767408978
triggered,VBD,0.000370096225
triggered,VBN,0.001549586777
trillion,CD,0.001581277672
triple-a,JJ,0.0003790750569
tripled,VBD,0.000370096225
tripled,VBN,0.0005165289256
triton,NNP,0.0003531904874
trotter,NNP,0.0004709206499
trouble,NN,0.0004418522446
troubled,JJ,0.0005686125853
troubled,NNP,0.0001177301625
troubled,VBN,0.0005165289256
troubles,NNS,0.0009162543522
truck,NN,8.837044892e-05
truck,NNP,0.0002354603249
trucks,NNS,0.002565512186
trudeau,NNP,0.0008241111373
true,JJ,0.001137225171
trump,NNP,0.0002354603249
trust,NN,0.0002651113468
trust,NNP,0.0005886508123
trust,VB,0.0004327131112
truth,NN,0.0001767408978
try,NN,8.837044892e-05
try,VB,0.001298139334
trying,VBG,0.01681957187
tuesday,NNP,0.005062396986
tumbled,VBD,0.001110288675
tune,VBP,0.001636661211
turkey,NNP,0.0002354603249
turmoil,NN,0.0001767408978
turn,NN,0.0001767408978
turn,VB,0.002596278667
turnaround,NN,0.0001767408978
turnaround,NNP,0.0001177301625
turned,VBD,0.002590673575
turned,VBN,0.002066115702
turning,VBG,0.004587155963
turnover,NN,0.0001767408978
turns,VBZ,0.001531393568
tuscany,NNP,0.0002354603249
tv,NN,0.0008837044892
tv,NNP,0.0001177301625
two,CD,0.03099304238
two-week,JJ,0.0003790750569
two-year,JJ,0.0007581501137
type,NN,0.0007953340403
types,NNS,0.001099505223
typically,RB,0.001935733643
tyre,NNP,0.0005886508123
u.k,NNP,0.001648222275
u.s,JJ,0.0001895375284
u.s,NNP,0.02283965152
u.s.a,NNP,0.0005886508123
ual,NNP,0.001883682599
ultimate,JJ,0.0003790750569
ultimately,RB,0.0007742934572
unable,JJ,0.0007581501137
uncertainties,NNS,0.0003665017409
uncertainty,NN,0.0005302226935
unchanged,JJ,0.002084912813
uncharted,JJ,0.0003790750569
unconstitutional,JJ,0.001895375284
under,IN,0.00719343599
underlying,JJ,0.0005686125853
underlying,VBG,0.005351681957
undersecretary,NN,0.0001767408978
understand,VB,0.0008654262224
understand,VBP,0.0008183306056
understanding,NN,0.0002651113468
understood,VBD,0.000370096225
understood,VBN,0.0005165289256
underwent,VBD,0.00074019245
underwood,NNP,0.0002354603249
underwriter,NN,0.0005302226935
underwriters,NNS,0.0005497526113
unemployment,NN,0.0002651113468
unfair,JJ,0.001895375284
unfairly,RB,0.0007742934572
unfocused,JJ,0.0003790750569
unhappy,JJ,0.0003790750569
unicorp,NNP,0.0002354603249
union,NN,0.0004418522446
union,NNP,0.001530492112
unions,NNS,0.0003665017409
unit,NN,0.002827854366
united,NNP,0.002119142924
unitholders,NNS,0.0003665017409
units,NNS,0.002015759575
university,NN,0.0006185931425
university,NNP,0.002354603249
unjust,JJ,0.0003790750569
unjustified,JJ,0.0003790750569
unless,IN,0.0008991794987
unlike,IN,0.0005619871867
unlike,JJ,0.0001895375284
unpublished,JJ,0.0003790750569
unreasonable,JJ,0.0003790750569
unrecognizable,JJ,0.0003790750569
unsuccessful,JJ,0.0003790750569
unsuccessfully,RB,0.0007742934572
until,IN,0.003596717995
unusual,JJ,0.001326762699
up,IN,0.002360346184
up,RB,0.01277584204
up,RP,0.3608247423
upham,NNP,0.0002354603249
upheld,VBD,0.00074019245
upheld,VBN,0.001033057851
upon,IN,0.0008991794987
upscale,JJ,0.0001895375284
upscale,NN,0.0001767408978
upset,JJ,0.0001895375284
upset,VBN,0.0005165289256
uptick,NN,0.0004418522446
uptick,VB,0.0004327131112
urged,VBD,0.001850481125
us,NNP,0.0002354603249
us,PRP,0.01495327103
us$,$,0.004792332268
use,NN,0.001502297632
use,VB,0.004759844223
use,VBP,0.004909983633
used,JJ,0.0003790750569
used,VBD,0.001110288675
used,VBN,0.01239669421
users,NNS,0.0003665017409
uses,NNS,0.0007330034818
uses,VBZ,0.002041858091
usia,NNP,0.00141276195
using,VBG,0.01146788991
usual,JJ,0.0005686125853
usually,RB,0.003484320557
usx,NNP,0.0009418412997
utilities,NNP,0.0002354603249
utilities,NNPS,0.004608294931
utilities,NNS,0.001282756093
utility,NN,0.0003534817957
v,CC,0.001522070015
vacation,NN,0.0003534817957
vacations,NNS,0.0003665017409
valhi,NNP,0.0002354603249
valley,NNP,0.00141276195
valuation,NN,0.0001767408978
value,NN,0.00167903853
value,NNP,0.0001177301625
valued,VBN,0.004132231405
values,NNS,0.0003665017409
values,VBZ,0.0005104645227
van,NNP,0.0007063809748
vanderbilt,NNP,0.0002354603249
vans,NNS,0.0007330034818
vargas,NNP,0.0003531904874
variety,NN,0.0002651113468
various,JJ,0.001137225171
vary,VB,0.0008654262224
varying,JJ,0.0001895375284
varying,VBG,0.002293577982
ve,VBP,0.01309328969
vegas,NNP,0.0003531904874
vehicle,NN,0.0004418522446
vehicles,NNS,0.001099505223
venerable,JJ,0.0003790750569
venture,NN,0.0003534817957
venture,NNP,0.0002354603249
ventures,NNS,0.0003665017409
veraldi,NNP,0.0005886508123
version,NN,0.0003534817957
versions,NNS,0.0003665017409
very,JJ,0.0005686125853
very,RB,0.0108401084
veteran,NN,0.0001767408978
veto,NN,0.0008837044892
veto,VB,0.001298139334
via,IN,0.001573564123
viacom,NNP,0.0008241111373
vicar,NN,0.0004418522446
vicar,NNP,0.0002354603249
vicars,NNS,0.0003665017409
vice,NN,0.003358077059
vice,NNP,0.0001177301625
vice,RB,0.0003871467286
vichy,NNP,0.0002354603249
victim,NN,0.0002651113468
victims,NNS,0.001466006964
victor,NNP,0.0002354603249
victory,NN,0.0001767408978
videocassette,NN,0.0001767408978
view,NN,0.0007953340403
view,VB,0.0004327131112
view,VBP,0.0008183306056
viewed,VBD,0.000370096225
viewed,VBN,0.001549586777
viewpoint,NN,0.0002651113468
views,NNS,0.0007330034818
views,VBZ,0.0005104645227
vindication,NN,0.0001767408978
vineyard,NN,8.837044892e-05
vineyard,NNP,0.0002354603249
vinken,NNP,0.0002354603249
vintage,NN,0.0001767408978
vintages,NNS,0.0003665017409
violate,VB,0.001730852445
violate,VBP,0.002454991817
violated,VBD,0.00074019245
violations,NNS,0.002565512186
violence,NN,0.0001767408978
virgin,NNP,0.0002354603249
virginia,NNP,0.0004709206499
virtually,RB,0.0027100271
virtue,NN,0.0001767408978
visible,JJ,0.0003790750569
visit,NN,0.0004418522446
visiting,VBG,0.001529051988
visitors,NNS,0.0003665017409
vitulli,NNP,0.0002354603249
voa,NNP,0.0003531904874
voice,NN,0.0006185931425
voice,NNP,0.001648222275
voice,VBP,0.0008183306056
voices,NNS,0.0003665017409
volatile,JJ,0.0007581501137
volatility,NN,0.001944149876
volume,NN,0.001767408978
voluntarily,RB,0.0007742934572
vose,NNP,0.0002354603249
vote,NN,0.0004418522446
vote,VB,0.0008654262224
voted,VBD,0.000370096225
voted,VBN,0.001033057851
voters,NNS,0.001099505223
voting,NN,0.0001767408978
w,NNP,0.0002354603249
w.r,NNP,0.0003531904874
wa,",",1
wa,NNP,0.0002354603249
waertsilae,NNP,0.0002354603249
wage,NN,0.001502297632
wages,NNS,0.0003665017409
wait,VB,0.001298139334
wake,NN,0.0002651113468
wakui,NNP,0.0003531904874
walk,VBP,0.002454991817
wall,NNP,0.004120555686
want,VB,0.005192557334
want,VBP,0.01309328969
wanted,VBD,0.004071058475
wanted,VBN,0.0005165289256
wants,VBZ,0.00561510975
war,NN,0.0003534817957
war,NNP,0.0003531904874
ward,NNP,0.001530492112
ward,VB,0.0004327131112
warning,NN,0.0002651113468
warning,VBG,0.001529051988
warnings,NNS,0.0003665017409
warrant,NN,0.0001767408978
warrants,NNS,0.0009162543522
warrants,VBZ,0.0005104645227
warren,NNP,0.0002354603249
wary,JJ,0.0003790750569
was,VBD,0.1202812731
washington,NNP,0.002590063574
waste,NN,0.0002651113468
waste,NNP,0.0002354603249
watch,NN,0.0003534817957
watch,VB,0.001730852445
watch,VBP,0.002454991817
watchers,NNS,0.0005497526113
watches,NNS,0.001282756093
water,NN,0.0001767408978
water,NNP,0.0001177301625
waters,NNS,0.0003665017409
watson,NNP,0.0004709206499
way,NN,0.002651113468
wayne,NNP,0.0002354603249
ways,NNS,0.001649257834
we,PRP,0.05794392523
weak,JJ,0.0007581501137
weaken,VB,0.0008654262224
weaken,VBP,0.0008183306056
weakness,NN,0.0001767408978
weather,NN,8.837044892e-05
weather,VB,0.0004327131112
weddings,NNS,0.0003665017409
wednesday,NNP,0.001883682599
week,NN,0.00406504065
week,NNP,0.0001177301625
weeklies,NNS,0.0003665017409
weekly,JJ,0.0005686125853
weeks,NNS,0.003665017409
weigh,VB,0.0004327131112
weigh,VBP,0.0008183306056
weighed,VBD,0.00074019245
weisfield,NNP,0.0005886508123
welcome,VB,0.0008654262224
welcomed,VBD,0.000370096225
welcomed,VBN,0.0005165289256
well,RB,0.01548586914
well-known,JJ,0.0003790750569
went,VBD,0.00518134715
were,VBD,0.06476683938
west,JJ,0.0001895375284
west,NN,8.837044892e-05
west,NNP,0.0005886508123
western,JJ,0.001137225171
western,NNP,0.0007063809748
what,WDT,0.007462686567
what,WP,0.2938596491
wheat,NN,0.0001767408978
whelen,NNP,0.0004709206499
when,WRB,0.5625
where,WRB,0.2125
whether,IN,0.003034730808
which,IN,0.0001123974373
which,WDT,0.4975124378
while,IN,0.006968641115
while,NN,0.0001767408978
white,JJ,0.0003790750569
white,NN,8.837044892e-05
white,NNP,0.001648222275
whiting,NNP,0.0004709206499
who,WP,0.6798245614
whole,JJ,0.0003790750569
wholesale,JJ,0.0001895375284
wholesale,NN,8.837044892e-05
whom,WP,0.02631578947
whose,WP$,1
why,WRB,0.06875
wide,JJ,0.0007581501137
wide,RB,0.0003871467286
widely,RB,0.003871467286
widespread,JJ,0.0007581501137
widget,NN,0.0006185931425
widgets,NNS,0.0003665017409
wife,NN,0.0001767408978
wild,JJ,0.0003790750569
wild,NNP,0.0003531904874
wilder,NNP,0.0009418412997
will,MD,0.3035066505
will,NN,8.837044892e-05
william,NNP,0.002354603249
williams,NNP,0.001177301625
willing,JJ,0.001516300227
win,VB,0.003894418001
win,VBP,0.0008183306056
window,NN,0.0001767408978
wine,NN,0.00167903853
wine,NNP,0.0002354603249
wines,NN,8.837044892e-05
wines,NNS,0.002565512186
wings,NNS,0.0003665017409
winiarski,NNP,0.0002354603249
winning,JJ,0.0001895375284
winning,VBG,0.002293577982
wisdom,NN,0.0001767408978
wish,NN,8.837044892e-05
wish,VB,0.0008654262224
with,IN,0.04057547488
withdraw,VB,0.001298139334
withdrawal,NN,0.0002651113468
withdrawn,VBN,0.002582644628
withhold,VB,0.0008654262224
within,IN,0.001461166685
without,IN,0.003709115432
withstand,VB,0.0008654262224
wo,MD,0.01813784764
wolf,NNP,0.0004709206499
woman,NN,0.0007953340403
women,NNP,0.0001177301625
women,NNS,0.002565512186
won,VBD,0.0029607698
won,VBN,0.0005165289256
wonder,NN,0.0001767408978
wood,NNP,0.0003531904874
word,NN,0.0003534817957
words,NNS,0.0007330034818
work,NN,0.00167903853
work,VB,0.003028991778
work,VBP,0.0008183306056
worked,VBD,0.0014803849
worked,VBN,0.001033057851
worker,NN,0.0004418522446
workers,NNS,0.003481766538
working,JJ,0.0001895375284
working,NN,0.0002651113468
working,VBG,0.006880733945
works,NNPS,0.004608294931
works,NNS,0.0009162543522
works,VBZ,0.001020929045
worksheets,NNS,0.0005497526113
world,NN,0.002120890774
world,NNP,0.001530492112
world-wide,JJ,0.0007581501137
world-wide,NNP,0.0001177301625
worried,VBN,0.002066115702
worries,NNS,0.0001832508704
worries,VBZ,0.001020929045
worry,NN,8.837044892e-05
worry,VB,0.0004327131112
worry,VBP,0.002454991817
worse,JJR,0.008670520231
worship,NN,0.0001767408978
worst,JJS,0.0125
worth,IN,0.000337192312
worth,JJ,0.0003790750569
worth,NN,0.0003534817957
would,MD,0.2176541717
wound,NN,8.837044892e-05
wound,VBD,0.000370096225
wright,NNP,0.0003531904874
writer,NN,0.0003534817957
writers,NNPS,0.009216589862
writers,NNS,0.0003665017409
writing,VBG,0.001529051988
written,VBN,0.002582644628
wrong,JJ,0.001137225171
wrongdoing,NN,0.0006185931425
wrote,VBD,0.002590673575
x,NNP,0.0002354603249
yale,NNP,0.0002354603249
yamamoto,NNP,0.0005886508123
yang,NNP,0.0003531904874
year,NN,0.0167903853
year-ago,JJ,0.0003790750569
year-earlier,JJ,0.001516300227
year-end,NN,0.0001767408978
yeargin,NNP,0.004356016011
years,NNS,0.01979109401
yen,NN,0.002120890774
yen,NNS,0.002748763057
yesterday,NN,0.004860374691
yet,CC,0.00304414003
yet,RB,0.005807200929
yield,NN,0.001767408978
yield,VB,0.01211596711
yielding,JJ,0.0001895375284
yielding,NN,8.837044892e-05
yielding,VBG,0.002293577982
yields,NNS,0.001466006964
york,NNP,0.0113020956
york-based,JJ,0.0007581501137
york-based,NNP,0.0001177301625
you,PRP,0.0554517134
young,JJ,0.002274450341
young,NNP,0.0005886508123
younger,JJR,0.005780346821
youngsters,NNS,0.0003665017409
younkers,NNP,0.0005886508123
younkers,NNS,0.0001832508704
your,PRP$,0.04231311707
yourself,PRP,0.001246105919
youth,NN,0.0002651113468
yquem,NNP,0.0002354603249
zenith,NNP,0.0002354603249
zone,NN,0.0001767408978
